acq_date,fire_area,soi,max_t_bne,max_t_mel,max_t_cns,max_t_pth,max_t_syd
2000-11-10,515.9300000000001,22.4,26.0,19.7,28.8,23.7,24.0
2000-11-11,592.95,22.4,25.0,20.2,26.9,31.3,23.5
2000-11-12,730.74,22.4,26.0,20.6,28.6,34.1,23.9
2000-11-13,471.52000000000004,22.4,22.0,23.0,29.3,32.7,22.2
2000-11-14,498.83,22.4,25.0,24.9,28.5,32.0,18.5
2000-11-15,354.27000000000004,22.4,24.0,26.1,29.5,37.3,20.2
2000-11-16,302.96,22.4,25.0,24.1,29.7,26.5,20.3
2000-11-17,457.7800000000001,22.4,25.0,25.5,30.9,24.5,25.6
2000-11-18,406.14,22.4,26.0,27.7,32.1,27.4,20.2
2000-11-19,844.9000000000002,22.4,27.0,26.6,31.1,28.9,22.0
2000-11-20,544.7600000000001,22.4,30.0,24.3,31.3,27.1,22.6
2000-11-21,726.44,22.4,25.0,20.0,31.8,29.5,23.6
2000-11-22,403.78999999999996,22.4,26.0,19.8,33.5,33.8,24.6
2000-11-23,1028.44,22.4,27.0,20.2,33.6,26.1,26.6
2000-11-24,931.42,22.4,27.0,21.0,28.3,23.9,24.2
2000-11-25,529.2500000000001,22.4,27.0,30.1,27.8,26.1,24.1
2000-11-26,974.9899999999999,22.4,28.0,27.8,30.4,22.8,27.0
2000-11-27,1131.4299999999998,22.4,28.0,27.0,28.0,21.6,25.0
2000-11-28,808.07,22.4,30.0,32.9,30.4,22.5,27.0
2000-11-29,868.4599999999999,22.4,33.0,22.5,29.7,23.8,26.5
2000-11-30,1548.9199999999998,22.4,29.0,24.7,29.7,28.6,34.2
2000-12-10,115.96999999999998,7.7,30.0,30.8,28.7,29.0,26.3
2000-12-11,280.94,7.7,30.0,31.0,28.8,30.9,32.7
2000-12-12,252.01000000000002,7.7,31.0,24.9,25.7,34.7,37.6
2000-12-13,142.67999999999998,7.7,31.0,22.6,28.8,32.2,28.1
2000-12-14,44.64,7.7,30.0,22.2,29.8,34.3,23.6
2000-12-15,57.88,7.7,27.0,24.6,29.5,35.6,25.5
2000-12-16,67.21,7.7,30.0,28.3,29.9,27.6,25.5
2000-12-17,163.78999999999996,7.7,29.0,35.7,30.9,31.0,27.2
2000-12-18,117.70999999999998,7.7,29.0,27.0,29.6,29.8,29.1
2000-12-19,216.53,7.7,29.0,33.5,27.7,28.0,28.1
2000-12-20,246.29,7.7,29.0,28.3,28.0,22.6,32.9
2000-12-21,259.81,7.7,29.0,38.0,30.4,20.4,31.6
2000-12-22,294.1500000000001,7.7,29.0,26.3,30.3,22.0,39.4
2000-12-23,416.75000000000006,7.7,30.0,25.2,29.8,27.9,28.7
2000-12-24,368.56,7.7,32.0,23.3,30.0,34.8,36.5
2000-12-25,450.04,7.7,33.0,22.4,29.5,37.6,34.4
2000-12-26,432.25,7.7,34.0,23.2,29.7,38.3,32.7
2000-12-27,444.30999999999995,7.7,31.0,16.4,31.1,40.3,34.2
2000-12-28,888.6099999999999,7.7,25.0,17.1,30.7,28.0,23.8
2000-12-29,1265.21,7.7,25.0,18.9,30.8,23.6,25.0
2000-12-30,718.5799999999999,7.7,28.0,19.1,29.4,26.8,23.8
2000-12-31,871.77,7.7,28.0,29.2,31.1,28.5,23.8
2001-10-10,1644.8600000000001,-1.9,25.0,22.4,31.1,18.5,20.9
2001-10-11,963.12,-1.9,25.0,16.8,30.3,20.3,18.9
2001-10-12,435.33,-1.9,31.0,16.1,30.7,18.7,24.4
2001-10-13,614.03,-1.9,29.0,17.3,29.0,20.3,26.1
2001-10-14,473.0,-1.9,29.0,14.5,29.3,20.4,22.2
2001-10-15,478.61,-1.9,27.0,18.3,29.8,21.0,21.0
2001-10-16,982.1,-1.9,27.0,17.4,30.2,20.8,23.4
2001-10-17,539.23,-1.9,22.0,18.5,30.4,24.4,25.7
2001-10-18,715.77,-1.9,29.0,14.2,32.1,28.1,26.9
2001-10-19,596.01,-1.9,30.0,13.5,31.8,24.7,20.5
2001-10-20,585.73,-1.9,24.0,14.7,31.4,21.9,17.7
2001-10-21,753.27,-1.9,25.0,21.2,31.7,16.5,20.4
2001-10-22,1034.23,-1.9,25.0,26.0,25.0,17.3,22.9
2001-10-23,606.3299999999999,-1.9,25.0,23.9,28.9,19.4,23.7
2001-10-24,583.48,-1.9,26.0,21.9,30.1,21.6,28.6
2001-10-25,948.95,-1.9,28.0,19.8,29.4,25.8,29.9
2001-10-26,998.97,-1.9,24.0,17.3,29.8,20.8,27.6
2001-10-27,1110.73,-1.9,30.0,17.4,31.9,20.6,25.1
2001-10-28,610.6700000000001,-1.9,31.0,20.1,30.9,22.4,27.9
2001-10-29,779.59,-1.9,31.0,16.5,30.3,26.1,27.7
2001-10-30,1094.77,-1.9,36.0,15.9,30.2,28.0,25.9
2001-10-31,2646.75,-1.9,33.0,16.3,31.0,26.9,27.7
2001-11-10,628.39,7.2,23.0,15.7,30.5,30.6,25.3
2001-11-11,492.20000000000016,7.2,29.0,13.8,31.2,31.5,23.2
2001-11-12,599.0899999999999,7.2,30.0,14.1,32.3,32.6,20.9
2001-11-13,509.59000000000003,7.2,30.0,16.9,33.0,36.0,23.2
2001-11-14,380.1600000000001,7.2,27.0,17.3,32.6,31.0,21.6
2001-11-15,1101.27,7.2,25.0,21.0,32.8,25.4,24.0
2001-11-16,484.89,7.2,28.0,21.8,32.7,23.0,21.3
2001-11-17,671.6,7.2,26.0,25.4,33.0,25.4,27.1
2001-11-18,643.1,7.2,28.0,15.0,32.2,31.3,30.9
2001-11-19,1643.83,7.2,25.0,16.6,31.2,22.8,16.7
2001-11-20,1186.6799999999998,7.2,27.0,18.4,35.1,22.4,16.7
2001-11-21,2207.73,7.2,29.0,20.1,32.7,22.6,17.8
2001-11-22,2540.7799999999997,7.2,26.0,26.6,32.0,20.8,19.9
2001-11-23,1419.45,7.2,26.0,23.9,31.1,21.2,21.5
2001-11-24,1326.03,7.2,29.0,24.5,31.9,20.7,26.7
2001-11-25,466.75999999999993,7.2,28.0,22.6,32.5,27.4,33.9
2001-11-26,1918.3699999999997,7.2,28.0,19.2,31.1,32.4,32.8
2001-11-27,739.16,7.2,30.0,18.7,31.5,35.0,22.7
2001-11-28,849.0400000000001,7.2,27.0,19.2,32.2,32.1,22.8
2001-11-29,1313.5,7.2,27.0,22.8,31.5,32.4,25.1
2001-11-30,2381.36,7.2,30.0,19.1,29.9,22.9,29.4
2001-12-10,99.80999999999999,-9.1,31.0,19.5,32.4,28.0,30.4
2001-12-11,248.11999999999995,-9.1,33.0,15.7,34.7,31.2,24.8
2001-12-12,411.78000000000003,-9.1,28.0,17.7,33.2,31.0,22.7
2001-12-13,681.8200000000002,-9.1,28.0,19.4,30.8,30.8,27.0
2001-12-14,440.66999999999996,-9.1,28.0,19.7,29.8,30.6,26.4
2001-12-15,128.24,-9.1,28.0,18.1,30.5,31.8,20.3
2001-12-16,48.510000000000005,-9.1,25.0,18.5,31.4,31.3,23.1
2001-12-17,73.97,-9.1,27.0,20.1,33.1,27.8,24.1
2001-12-18,403.12000000000006,-9.1,29.0,21.1,36.4,25.9,26.0
2001-12-19,260.71999999999997,-9.1,29.0,28.0,33.4,24.6,25.5
2001-12-20,461.3,-9.1,31.0,24.8,33.6,23.6,29.5
2001-12-21,873.0500000000002,-9.1,32.0,21.1,33.6,26.1,25.4
2001-12-22,1245.26,-9.1,,22.0,32.8,28.4,25.8
2001-12-23,1611.47,-9.1,,26.3,31.8,26.9,28.2
2001-12-24,1321.4099999999999,-9.1,40.0,22.3,31.6,25.4,36.8
2001-12-25,2123.6099999999997,-9.1,39.0,18.6,33.1,25.1,34.7
2001-12-26,1263.14,-9.1,39.0,15.3,33.4,30.0,27.2
2001-12-27,1289.1200000000001,-9.1,33.0,18.4,34.6,27.0,21.7
2001-12-28,1051.5500000000002,-9.1,30.0,23.8,34.1,22.0,27.1
2001-12-29,1134.35,-9.1,31.0,34.0,32.3,24.1,30.3
2001-12-30,673.95,-9.1,33.0,21.0,32.8,24.5,31.3
2001-12-31,637.98,-9.1,29.0,24.5,33.2,27.1,28.1
2002-10-10,2172.8100000000004,-7.4,26.0,16.8,30.2,19.7,16.9
2002-10-11,2411.68,-7.4,25.0,21.1,30.2,19.1,17.6
2002-10-12,3679.0899999999997,-7.4,24.0,23.0,30.5,20.4,21.2
2002-10-13,1717.46,-7.4,26.0,20.3,30.4,23.6,28.6
2002-10-14,1956.5300000000002,-7.4,32.0,16.6,30.8,22.1,26.7
2002-10-15,3319.7,-7.4,32.0,19.2,29.0,22.5,25.9
2002-10-16,3486.3999999999996,-7.4,30.0,22.8,29.2,23.3,30.3
2002-10-17,3096.5499999999997,-7.4,31.0,18.6,29.3,22.9,21.5
2002-10-18,3092.66,-7.4,27.0,28.2,29.4,20.3,24.5
2002-10-19,2841.0800000000004,-7.4,30.0,20.2,29.3,21.5,27.0
2002-10-20,2172.31,-7.4,30.0,18.2,30.0,23.0,25.1
2002-10-21,2764.73,-7.4,28.0,17.0,31.0,23.8,20.3
2002-10-22,2955.8999999999996,-7.4,28.0,19.6,29.9,31.2,26.4
2002-10-23,4317.860000000001,-7.4,37.0,19.3,33.4,22.6,31.6
2002-10-24,2152.57,-7.4,31.0,16.7,36.0,22.5,21.4
2002-10-25,2613.54,-7.4,29.0,15.6,33.5,26.8,27.3
2002-10-26,2041.27,-7.4,31.0,15.2,30.6,30.7,16.0
2002-10-27,3447.56,-7.4,21.0,16.0,31.2,21.2,17.3
2002-10-28,3839.96,-7.4,24.0,17.2,33.0,20.9,19.7
2002-10-29,5956.5599999999995,-7.4,25.0,24.5,31.7,22.1,21.6
2002-10-30,5210.43,-7.4,27.0,24.9,31.5,26.3,29.5
2002-10-31,5061.43,-7.4,29.0,18.7,31.1,20.4,23.1
2002-11-10,6648.42,-6.0,31.0,18.9,31.1,30.1,28.6
2002-11-11,3430.19,-6.0,30.0,27.8,30.3,21.6,22.2
2002-11-12,3453.87,-6.0,29.0,32.7,32.7,22.9,24.9
2002-11-13,2881.96,-6.0,30.0,19.1,32.4,29.5,24.3
2002-11-14,2298.54,-6.0,29.0,19.8,32.0,37.9,22.5
2002-11-15,1722.79,-6.0,29.0,18.8,32.8,28.1,20.2
2002-11-16,2445.0,-6.0,24.0,29.8,32.6,21.6,21.7
2002-11-17,2288.7200000000003,-6.0,26.0,29.5,32.8,25.5,23.8
2002-11-18,1749.37,-6.0,26.0,24.7,31.1,24.1,26.9
2002-11-19,1539.6399999999999,-6.0,27.0,17.2,28.6,27.4,26.9
2002-11-20,1141.91,-6.0,27.0,17.3,31.3,30.1,28.1
2002-11-21,1195.6599999999999,-6.0,27.0,22.1,32.8,32.0,19.7
2002-11-22,1243.1,-6.0,27.0,23.4,32.1,28.7,26.0
2002-11-23,884.75,-6.0,27.0,32.1,31.8,24.8,23.8
2002-11-24,1040.9499999999998,-6.0,28.0,26.9,31.1,22.5,30.0
2002-11-25,1082.82,-6.0,28.0,23.8,31.9,23.4,39.8
2002-11-26,703.1,-6.0,30.0,20.8,32.9,28.4,38.2
2002-11-27,278.9,-6.0,29.0,19.9,31.4,33.3,21.4
2002-11-28,394.96000000000004,-6.0,30.0,23.1,31.0,26.1,22.5
2002-11-29,382.0,-6.0,29.0,19.9,30.9,28.4,23.6
2002-11-30,576.3799999999999,-6.0,31.0,14.2,31.2,27.2,21.8
2002-12-10,1147.6,-10.6,30.0,18.6,31.8,34.4,17.0
2002-12-11,1444.32,-10.6,27.0,16.5,32.2,39.3,21.0
2002-12-12,1799.67,-10.6,30.0,16.9,32.7,38.6,25.1
2002-12-13,1750.3500000000001,-10.6,30.0,19.8,30.9,24.7,30.0
2002-12-14,1212.2000000000003,-10.6,30.0,24.6,31.0,24.7,24.6
2002-12-15,1429.77,-10.6,30.0,35.4,32.7,25.8,29.3
2002-12-16,2116.8100000000004,-10.6,29.0,26.7,29.3,27.2,32.8
2002-12-17,2955.29,-10.6,29.0,33.9,32.4,30.2,24.9
2002-12-18,2925.81,-10.6,30.0,30.0,28.6,35.6,24.0
2002-12-19,2639.12,-10.6,31.0,30.8,30.9,40.2,25.1
2002-12-20,2622.7599999999998,-10.6,30.0,27.7,32.2,40.7,28.2
2002-12-21,1638.78,-10.6,26.0,35.1,31.9,30.8,28.3
2002-12-22,906.1599999999999,-10.6,29.0,21.0,31.0,37.7,32.9
2002-12-23,947.71,-10.6,29.0,19.0,30.7,37.2,21.7
2002-12-24,672.1999999999999,-10.6,30.0,19.9,31.8,34.8,21.2
2002-12-25,669.76,-10.6,29.0,20.0,31.0,33.2,24.1
2002-12-26,763.9300000000001,-10.6,28.0,24.0,31.5,34.0,22.4
2002-12-27,1068.5300000000002,-10.6,27.0,25.1,31.0,28.0,25.3
2002-12-28,998.5400000000001,-10.6,29.0,35.3,33.2,27.0,25.5
2002-12-29,922.3299999999999,-10.6,29.0,33.3,33.6,23.4,27.0
2002-12-30,563.85,-10.6,28.0,31.7,33.0,25.1,27.2
2002-12-31,547.94,-10.6,28.0,26.5,30.6,26.9,27.8
2003-10-10,1253.78,-1.9,25.0,12.9,30.5,31.7,20.0
2003-10-11,1595.98,-1.9,25.0,12.7,31.2,22.7,14.6
2003-10-12,1020.5600000000001,-1.9,23.5,15.3,30.6,21.7,16.7
2003-10-13,957.1700000000001,-1.9,23.7,21.1,28.3,18.1,16.7
2003-10-14,824.23,-1.9,22.9,22.3,28.9,19.3,20.0
2003-10-15,656.6800000000001,-1.9,24.7,21.8,29.7,20.2,23.4
2003-10-16,557.55,-1.9,26.3,16.8,30.8,20.9,21.8
2003-10-17,620.48,-1.9,23.6,21.5,30.3,19.8,20.5
2003-10-18,551.55,-1.9,25.0,25.8,30.9,18.1,23.7
2003-10-19,904.94,-1.9,25.1,14.8,30.8,20.2,30.1
2003-10-20,800.1600000000001,-1.9,22.4,18.2,29.7,20.7,22.8
2003-10-21,803.6599999999999,-1.9,29.0,14.3,29.3,22.6,28.6
2003-10-22,1337.6800000000003,-1.9,33.2,14.4,30.3,22.9,22.0
2003-10-23,1383.8000000000002,-1.9,28.0,16.4,30.4,23.0,21.8
2003-10-24,1562.9099999999999,-1.9,30.8,20.2,30.1,24.2,22.0
2003-10-25,1476.13,-1.9,28.2,16.4,30.2,27.8,22.5
2003-10-26,1212.25,-1.9,31.1,13.2,29.9,23.5,21.7
2003-10-27,1644.5000000000002,-1.9,27.6,14.3,30.3,19.8,19.0
2003-10-28,1503.5300000000002,-1.9,31.2,11.8,30.8,20.4,22.2
2003-10-29,1774.87,-1.9,35.0,13.9,30.7,18.7,22.7
2003-10-30,1600.3600000000001,-1.9,30.9,15.6,30.9,18.7,25.5
2003-10-31,1800.2700000000002,-1.9,26.8,15.7,30.3,22.6,24.2
2003-11-10,644.5699999999999,-3.4,26.2,19.8,31.7,34.5,25.9
2003-11-11,599.0,-3.4,27.0,20.1,31.0,40.3,24.0
2003-11-12,608.59,-3.4,29.2,16.3,31.6,36.2,22.5
2003-11-13,910.63,-3.4,25.7,22.0,31.9,23.5,19.4
2003-11-14,409.64,-3.4,26.3,30.8,31.4,27.5,24.7
2003-11-15,641.2900000000001,-3.4,26.9,35.8,30.9,26.5,33.9
2003-11-16,907.9900000000001,-3.4,28.4,16.6,31.6,30.3,22.1
2003-11-17,777.56,-3.4,28.9,23.3,32.0,21.5,19.2
2003-11-18,636.1300000000001,-3.4,26.9,23.7,31.9,19.0,21.9
2003-11-19,728.78,-3.4,30.0,32.9,32.0,19.9,25.5
2003-11-20,779.4000000000001,-3.4,29.4,30.2,31.5,23.6,29.3
2003-11-21,413.76,-3.4,29.0,17.7,31.3,28.3,25.1
2003-11-22,528.4200000000001,-3.4,32.4,15.5,30.1,33.3,19.7
2003-11-23,346.66999999999996,-3.4,30.9,19.6,30.7,24.9,19.0
2003-11-24,1101.7,-3.4,29.5,19.8,35.6,20.8,17.5
2003-11-25,1420.79,-3.4,27.5,21.4,32.0,22.8,17.7
2003-11-26,736.77,-3.4,27.5,22.5,31.5,24.0,19.7
2003-11-27,1044.17,-3.4,27.4,25.8,31.4,25.4,18.9
2003-11-28,871.24,-3.4,26.7,30.9,31.4,31.0,21.9
2003-11-29,674.02,-3.4,26.7,31.7,30.8,27.6,25.4
2003-11-30,394.64000000000004,-3.4,27.9,28.7,31.4,26.3,26.4
2003-12-10,272.32,9.3,28.1,30.6,32.7,24.1,26.7
2003-12-11,324.56000000000006,9.3,29.8,24.0,32.6,24.3,32.9
2003-12-12,305.98,9.3,31.4,23.2,32.3,25.7,24.4
2003-12-13,556.3300000000002,9.3,32.6,19.4,32.5,33.9,29.1
2003-12-14,316.27,9.3,32.0,23.7,34.5,24.7,23.5
2003-12-15,125.30999999999996,9.3,29.2,30.7,32.6,24.3,25.5
2003-12-16,98.02999999999999,9.3,28.3,34.6,31.5,29.5,26.7
2003-12-17,89.77,9.3,27.5,36.1,29.3,34.7,27.5
2003-12-18,71.47,9.3,27.6,22.8,29.3,21.9,27.6
2003-12-19,133.33999999999997,9.3,28.5,25.6,31.1,27.1,37.5
2003-12-20,186.48000000000002,9.3,29.7,20.5,32.3,24.3,22.9
2003-12-21,130.96999999999997,9.3,31.6,26.1,32.0,29.9,28.0
2003-12-22,210.41999999999996,9.3,32.2,20.8,31.5,37.3,34.1
2003-12-23,101.74999999999999,9.3,32.3,20.4,31.1,28.0,24.0
2003-12-24,35.08,9.3,29.6,31.2,31.7,29.6,26.4
2003-12-25,14.120000000000001,9.3,31.9,26.2,31.5,32.7,39.0
2003-12-26,10.42,9.3,34.5,21.1,32.1,38.8,23.9
2003-12-27,293.69000000000005,9.3,33.0,,30.6,36.5,21.5
2003-12-28,48.620000000000005,9.3,28.5,25.8,33.4,24.6,23.9
2003-12-29,123.52000000000001,9.3,27.3,31.5,32.0,23.5,25.6
2003-12-30,127.77999999999999,9.3,28.0,38.3,30.6,25.3,28.5
2003-12-31,147.05,9.3,28.7,29.3,30.7,29.1,30.5
2004-10-10,4397.61,-3.7,26.8,24.1,28.4,22.0,23.1
2004-10-11,3734.9900000000002,-3.7,26.4,26.7,30.9,21.2,30.0
2004-10-12,4273.91,-3.7,28.1,31.6,30.0,18.9,36.2
2004-10-13,3848.81,-3.7,27.7,20.8,28.4,18.0,39.1
2004-10-14,2825.9900000000002,-3.7,28.7,15.8,28.8,21.4,37.1
2004-10-15,2054.9399999999996,-3.7,30.3,14.0,29.6,21.1,24.0
2004-10-16,1400.71,-3.7,27.1,14.4,28.4,20.7,20.0
2004-10-17,1544.35,-3.7,23.1,16.8,29.9,25.5,17.9
2004-10-18,1710.72,-3.7,22.7,18.4,28.7,29.1,16.6
2004-10-19,1358.32,-3.7,28.2,21.3,28.7,24.3,18.2
2004-10-20,1865.2900000000002,-3.7,22.8,24.5,29.2,27.9,19.5
2004-10-21,3608.77,-3.7,25.3,25.5,30.0,24.7,19.7
2004-10-22,3743.8,-3.7,31.4,24.1,29.6,24.0,21.2
2004-10-23,5096.09,-3.7,38.7,16.2,29.4,25.7,23.6
2004-10-24,3811.620000000001,-3.7,33.4,17.0,30.6,25.1,20.1
2004-10-25,5276.58,-3.7,28.7,20.4,30.8,21.8,23.6
2004-10-26,4098.82,-3.7,28.5,23.4,32.3,25.1,27.0
2004-10-27,5084.06,-3.7,29.6,12.8,32.4,29.5,34.0
2004-10-28,4509.039999999999,-3.7,32.1,14.2,30.6,25.9,18.6
2004-10-29,4840.17,-3.7,25.5,16.5,30.2,20.8,17.5
2004-10-30,3937.01,-3.7,23.1,23.7,31.6,19.8,19.8
2004-10-31,3360.62,-3.7,25.1,26.7,30.3,21.3,23.7
2004-11-10,1685.8000000000002,-8.6,26.2,24.6,31.1,18.9,21.9
2004-11-11,1621.97,-8.6,28.9,19.0,31.3,20.8,23.1
2004-11-12,1410.51,-8.6,34.0,23.3,31.3,20.2,28.2
2004-11-13,3515.97,-8.6,32.2,16.2,30.5,25.0,28.8
2004-11-14,3225.3999999999996,-8.6,27.8,20.7,30.8,31.2,27.1
2004-11-15,3511.1099999999997,-8.6,28.8,18.7,31.1,35.5,28.5
2004-11-16,3889.46,-8.6,31.1,21.3,31.6,21.9,22.0
2004-11-17,3194.08,-8.6,29.2,27.4,30.0,18.5,26.4
2004-11-18,2238.0199999999995,-8.6,28.6,27.9,32.1,19.5,38.4
2004-11-19,1257.3000000000002,-8.6,28.9,18.2,31.9,27.0,29.5
2004-11-20,848.76,-8.6,27.9,17.7,32.8,32.5,18.7
2004-11-21,842.61,-8.6,24.6,16.8,32.6,34.9,20.2
2004-11-22,597.61,-8.6,23.9,16.9,31.4,36.8,20.0
2004-11-23,470.69,-8.6,25.5,19.1,31.0,32.1,18.5
2004-11-24,492.90999999999997,-8.6,26.1,23.2,26.1,25.3,18.8
2004-11-25,569.35,-8.6,26.3,29.7,27.7,23.5,22.1
2004-11-26,464.8000000000001,-8.6,26.1,33.9,29.7,24.3,25.5
2004-11-27,967.37,-8.6,27.5,32.3,28.6,26.1,33.3
2004-11-28,836.3900000000001,-8.6,28.6,25.6,30.0,25.9,40.0
2004-11-29,1334.9099999999999,-8.6,29.8,28.8,30.7,20.8,26.7
2004-11-30,1613.4599999999998,-8.6,31.4,25.5,30.5,20.9,37.5
2004-12-10,1141.3700000000001,-8.0,26.9,27.1,29.8,30.9,24.6
2004-12-11,856.23,-8.0,33.2,26.4,30.7,23.8,29.3
2004-12-12,785.3300000000002,-8.0,33.3,28.1,30.4,27.2,25.5
2004-12-13,1338.89,-8.0,31.4,18.1,31.0,35.2,26.3
2004-12-14,1031.21,-8.0,37.6,18.9,31.1,41.5,30.2
2004-12-15,1913.19,-8.0,30.3,19.8,31.7,30.6,22.6
2004-12-16,1085.02,-8.0,27.6,22.8,33.1,25.2,26.0
2004-12-17,2120.41,-8.0,29.1,25.9,33.1,25.2,24.8
2004-12-18,1180.7199999999998,-8.0,29.3,33.4,32.8,26.2,26.0
2004-12-19,1243.23,-8.0,29.9,22.8,32.2,35.7,39.6
2004-12-20,1424.77,-8.0,35.0,20.2,32.8,34.6,22.2
2004-12-21,1297.25,-8.0,26.4,22.6,32.0,24.4,24.5
2004-12-22,456.86,-8.0,30.0,26.1,30.8,23.6,25.8
2004-12-23,246.0,-8.0,31.3,35.5,31.0,25.5,25.7
2004-12-24,241.72,-8.0,30.2,20.9,29.5,33.8,29.8
2004-12-25,372.8,-8.0,30.7,22.4,28.1,38.0,21.3
2004-12-26,372.05000000000007,-8.0,29.1,22.6,30.6,37.4,25.0
2004-12-27,130.58,-8.0,30.1,16.1,30.9,38.4,32.8
2004-12-28,188.26999999999995,-8.0,30.5,16.3,29.4,34.8,20.0
2004-12-29,245.67000000000002,-8.0,28.0,20.8,32.3,26.5,19.7
2004-12-30,118.92999999999998,-8.0,27.6,27.5,31.7,24.6,20.6
2004-12-31,99.30999999999999,-8.0,27.6,32.2,27.7,31.1,23.5
2005-10-10,876.7,10.9,26.9,19.5,30.7,16.8,20.9
2005-10-11,1122.62,10.9,27.9,16.6,31.5,18.8,28.1
2005-10-12,1336.13,10.9,30.8,18.8,32.0,17.7,21.0
2005-10-13,897.1700000000001,10.9,27.7,23.7,32.1,19.5,24.0
2005-10-14,461.62,10.9,26.5,16.8,31.5,21.4,20.0
2005-10-15,260.98,10.9,27.3,18.9,31.3,27.2,20.3
2005-10-16,426.55,10.9,20.7,20.9,29.8,20.2,19.7
2005-10-17,685.37,10.9,23.9,21.1,30.0,22.4,20.5
2005-10-18,357.31999999999994,10.9,25.1,24.1,30.3,20.5,20.7
2005-10-19,256.40000000000003,10.9,27.1,22.9,30.1,21.7,22.1
2005-10-20,390.53,10.9,22.0,22.4,29.9,25.6,21.5
2005-10-21,256.99,10.9,25.1,20.5,31.1,21.4,24.9
2005-10-22,288.40999999999997,10.9,32.1,20.7,31.1,21.3,25.8
2005-10-23,418.62,10.9,30.8,23.7,31.9,27.6,26.7
2005-10-24,337.27000000000004,10.9,28.6,22.7,32.2,22.4,25.2
2005-10-25,361.9000000000001,10.9,29.0,21.9,30.7,19.0,29.3
2005-10-26,373.4100000000001,10.9,28.2,22.1,31.7,19.1,33.3
2005-10-27,499.25,10.9,29.3,19.3,31.5,21.1,25.3
2005-10-28,687.02,10.9,27.9,23.1,32.3,21.4,24.5
2005-10-29,671.5799999999999,10.9,28.2,24.4,31.9,22.9,26.0
2005-10-30,438.24,10.9,28.6,19.8,31.8,22.3,23.3
2005-10-31,861.71,10.9,28.2,24.4,32.0,19.7,26.6
2005-11-10,593.59,-2.0,29.0,19.0,31.1,20.6,35.5
2005-11-11,455.02,-2.0,33.1,16.8,31.2,23.4,22.6
2005-11-12,412.02000000000004,-2.0,27.8,20.0,32.1,26.4,24.1
2005-11-13,542.86,-2.0,28.4,20.1,33.0,22.1,24.1
2005-11-14,512.1999999999999,-2.0,28.1,26.5,33.3,28.3,26.4
2005-11-15,542.67,-2.0,27.9,16.5,32.9,34.7,31.1
2005-11-16,895.59,-2.0,27.4,21.5,32.4,26.2,18.2
2005-11-17,427.42999999999995,-2.0,26.3,27.0,31.7,25.5,21.3
2005-11-18,506.53,-2.0,26.4,24.2,28.6,25.3,25.2
2005-11-19,374.15,-2.0,27.9,19.3,30.2,30.3,30.5
2005-11-20,352.34000000000003,-2.0,31.1,18.7,30.1,27.9,21.3
2005-11-21,502.87,-2.0,29.3,22.6,30.8,30.4,24.0
2005-11-22,395.25,-2.0,28.3,19.7,33.0,29.8,26.9
2005-11-23,243.04000000000002,-2.0,29.4,23.5,32.1,31.0,20.7
2005-11-24,284.42999999999995,-2.0,28.5,25.8,30.7,28.3,21.9
2005-11-25,522.7800000000002,-2.0,25.3,28.6,32.7,28.2,21.4
2005-11-26,538.6400000000001,-2.0,29.1,19.0,32.8,26.5,29.4
2005-11-27,488.75,-2.0,28.1,18.6,31.7,33.7,17.5
2005-11-28,914.7299999999999,-2.0,25.8,21.0,31.4,22.0,20.0
2005-11-29,889.25,-2.0,26.8,23.8,31.6,21.1,23.9
2005-11-30,478.09,-2.0,29.1,25.7,32.8,20.5,21.7
2005-12-10,340.63,0.1,35.7,20.8,33.0,22.9,31.0
2005-12-11,714.25,0.1,30.0,28.2,35.0,20.5,21.7
2005-12-12,639.99,0.1,28.5,31.4,34.1,21.2,24.9
2005-12-13,720.96,0.1,32.4,21.7,32.0,23.2,26.3
2005-12-14,881.3500000000001,0.1,35.8,23.7,32.4,21.1,24.3
2005-12-15,515.95,0.1,30.0,29.1,32.7,21.4,28.2
2005-12-16,399.28,0.1,28.7,21.7,32.7,25.9,34.2
2005-12-17,455.93000000000006,0.1,34.8,20.8,33.0,30.9,32.9
2005-12-18,598.4,0.1,32.4,20.5,34.6,32.5,25.7
2005-12-19,506.37000000000006,0.1,32.7,22.4,33.8,23.5,22.5
2005-12-20,805.6199999999999,0.1,29.2,31.1,36.1,24.1,26.4
2005-12-21,526.29,0.1,31.6,31.9,34.3,23.3,35.1
2005-12-22,705.02,0.1,31.6,23.1,34.4,23.9,23.8
2005-12-23,592.55,0.1,32.2,33.9,29.3,21.2,35.5
2005-12-24,355.9,0.1,33.9,21.8,30.7,24.8,38.3
2005-12-25,337.43,0.1,33.4,22.7,32.5,27.6,31.0
2005-12-26,398.25,0.1,31.2,26.3,32.9,23.4,29.0
2005-12-27,309.42,0.1,32.4,33.6,35.0,23.2,28.1
2005-12-28,484.76,0.1,34.0,25.8,32.7,25.8,31.4
2005-12-29,709.0799999999999,0.1,37.1,33.2,33.4,24.9,26.4
2005-12-30,333.0300000000001,0.1,33.4,38.6,33.6,22.4,32.5
2005-12-31,613.78,0.1,30.2,41.5,33.3,22.7,33.1
2006-10-10,1509.74,-16.0,23.2,23.2,29.0,24.7,21.2
2006-10-11,1564.97,-16.0,22.9,28.5,28.1,17.8,24.5
2006-10-12,833.46,-16.0,24.8,34.8,26.4,19.9,31.4
2006-10-13,660.69,-16.0,25.9,22.8,28.2,19.8,36.4
2006-10-14,962.71,-16.0,26.5,21.4,28.0,22.8,37.3
2006-10-15,1026.48,-16.0,28.8,15.7,28.0,26.4,22.7
2006-10-16,901.56,-16.0,28.0,20.8,28.4,19.6,19.2
2006-10-17,1202.49,-16.0,24.3,26.9,29.0,19.7,24.1
2006-10-18,878.9200000000001,-16.0,26.0,22.6,29.2,23.9,31.9
2006-10-19,1242.46,-16.0,27.3,22.7,28.6,28.6,24.2
2006-10-20,1048.39,-16.0,26.6,19.7,29.2,31.1,28.7
2006-10-21,1097.21,-16.0,28.2,14.4,28.3,29.8,16.2
2006-10-22,1081.31,-16.0,24.9,19.0,29.2,21.6,18.1
2006-10-23,1402.28,-16.0,23.8,23.8,27.4,22.1,21.0
2006-10-24,914.47,-16.0,23.9,29.1,28.3,25.6,23.5
2006-10-25,758.46,-16.0,25.7,16.1,28.7,25.0,27.3
2006-10-26,1128.8,-16.0,26.2,18.0,28.6,26.6,21.5
2006-10-27,921.1599999999999,-16.0,26.8,16.3,29.0,28.7,29.2
2006-10-28,602.6400000000001,-16.0,33.3,12.7,28.0,31.9,20.1
2006-10-29,1817.15,-16.0,24.7,15.7,28.5,21.4,18.7
2006-10-30,873.56,-16.0,23.9,19.7,30.3,23.9,21.4
2006-10-31,631.3999999999999,-16.0,26.4,20.9,30.3,25.6,26.1
2006-11-10,2719.42,-1.4,23.6,26.1,30.9,22.3,24.4
2006-11-11,3730.4500000000003,-1.4,27.4,24.6,30.5,22.0,31.0
2006-11-12,3743.3999999999996,-1.4,29.0,27.3,31.2,24.9,28.4
2006-11-13,5281.07,-1.4,29.9,13.9,30.4,34.2,28.3
2006-11-14,3836.56,-1.4,28.0,18.8,30.0,33.9,24.0
2006-11-15,3519.7400000000002,-1.4,30.2,11.9,30.6,29.4,26.4
2006-11-16,6757.650000000001,-1.4,22.0,13.5,35.3,24.7,16.0
2006-11-17,5481.23,-1.4,25.3,20.4,31.7,24.6,18.9
2006-11-18,3803.52,-1.4,26.1,27.6,30.7,29.2,24.0
2006-11-19,4259.05,-1.4,26.2,32.3,30.2,24.8,26.5
2006-11-20,3828.59,-1.4,25.7,33.0,29.9,23.9,31.4
2006-11-21,3649.29,-1.4,26.4,34.9,30.8,27.2,36.4
2006-11-22,3526.04,-1.4,27.5,22.0,30.5,32.4,40.0
2006-11-23,3472.11,-1.4,29.1,23.0,30.3,29.9,24.2
2006-11-24,3832.43,-1.4,28.5,26.7,30.8,26.9,25.0
2006-11-25,3020.4399999999996,-1.4,28.6,21.5,30.8,31.1,28.2
2006-11-26,2946.55,-1.4,31.9,20.9,31.4,35.7,22.7
2006-11-27,2889.84,-1.4,30.0,24.6,31.5,26.8,24.7
2006-11-28,3185.21,-1.4,31.6,26.1,31.9,28.4,32.7
2006-11-29,4928.469999999999,-1.4,33.2,18.2,32.7,22.7,22.2
2006-11-30,2751.04,-1.4,25.0,31.3,30.7,22.2,23.7
2006-12-10,2060.72,-3.5,27.3,40.8,27.9,29.7,26.8
2006-12-11,1482.82,-3.5,27.1,20.5,30.2,32.8,31.3
2006-12-12,1446.31,-3.5,29.2,20.3,30.5,35.8,18.9
2006-12-13,1228.14,-3.5,28.5,26.1,30.9,26.5,25.8
2006-12-14,2490.08,-3.5,29.9,34.5,31.4,28.7,33.4
2006-12-15,691.0500000000002,-3.5,31.1,19.0,31.5,32.6,19.1
2006-12-16,797.3,-3.5,28.2,22.2,31.3,38.8,21.4
2006-12-17,1144.4099999999999,-3.5,25.1,27.3,31.8,33.0,23.5
2006-12-18,1727.3600000000001,-3.5,27.0,28.4,32.4,31.2,26.4
2006-12-19,708.6700000000001,-3.5,27.8,22.8,30.6,29.9,22.3
2006-12-20,1179.63,-3.5,27.4,28.0,31.4,25.9,23.3
2006-12-21,1126.45,-3.5,28.1,36.4,30.7,26.9,26.6
2006-12-22,308.18,-3.5,26.7,32.5,32.0,31.1,27.3
2006-12-23,273.9,-3.5,27.9,18.1,31.8,33.9,30.1
2006-12-24,296.66,-3.5,27.8,19.7,31.2,33.9,21.8
2006-12-25,339.45000000000005,-3.5,31.6,,31.8,35.1,26.9
2006-12-26,220.06,-3.5,21.7,,31.9,36.5,20.8
2006-12-27,302.90999999999997,-3.5,20.3,,32.3,38.2,23.6
2006-12-28,237.94000000000003,-3.5,24.3,,29.9,31.4,26.9
2006-12-29,223.69,-3.5,27.5,,31.1,26.2,24.6
2006-12-30,311.31999999999994,-3.5,27.9,,32.0,28.1,24.7
2006-12-31,305.08000000000004,-3.5,27.2,,31.6,36.0,24.8
2007-10-10,1570.97,5.4,23.4,23.4,31.7,19.3,21.1
2007-10-11,2044.37,5.4,27.3,20.7,31.7,22.0,29.3
2007-10-12,2243.63,5.4,31.5,13.8,31.8,24.8,18.9
2007-10-13,3272.66,5.4,26.8,15.0,33.5,29.4,18.1
2007-10-14,3563.35,5.4,24.1,20.5,30.5,24.1,25.9
2007-10-15,2922.31,5.4,28.2,28.3,28.4,26.2,29.9
2007-10-16,2656.81,5.4,28.3,16.4,30.0,28.8,34.1
2007-10-17,2531.33,5.4,27.0,17.9,30.8,21.0,18.6
2007-10-18,2737.4300000000003,5.4,23.1,24.0,29.9,20.9,23.3
2007-10-19,1738.25,5.4,24.5,19.9,29.2,27.1,31.9
2007-10-20,1109.8600000000001,5.4,24.4,27.0,29.8,19.6,25.0
2007-10-21,951.47,5.4,25.0,32.9,28.9,21.3,29.3
2007-10-22,830.5100000000001,5.4,26.3,21.2,30.7,23.7,33.2
2007-10-23,935.73,5.4,28.9,16.3,29.9,26.0,21.0
2007-10-24,806.4,5.4,28.9,19.3,30.4,30.7,19.7
2007-10-25,800.2900000000001,5.4,27.8,13.3,29.9,26.4,21.4
2007-10-26,867.7100000000002,5.4,27.8,21.9,31.3,21.2,23.6
2007-10-27,1419.25,5.4,31.7,27.7,32.0,16.0,25.6
2007-10-28,1857.51,5.4,29.4,27.4,31.4,18.1,28.9
2007-10-29,1412.33,5.4,26.7,20.5,31.2,19.5,34.0
2007-10-30,568.2199999999999,5.4,28.1,22.1,31.7,20.4,26.8
2007-10-31,835.4499999999999,5.4,28.1,21.1,31.8,21.6,22.6
2007-11-10,890.8700000000001,9.2,27.0,26.3,33.5,30.9,22.0
2007-11-11,1190.24,9.2,25.2,26.3,31.3,37.0,23.5
2007-11-12,847.65,9.2,24.2,21.2,32.2,39.8,26.2
2007-11-13,764.6000000000001,9.2,25.8,24.2,30.1,32.0,23.3
2007-11-14,1585.39,9.2,25.4,22.3,30.2,30.6,28.4
2007-11-15,1416.16,9.2,26.9,24.4,31.2,30.5,23.6
2007-11-16,1306.2,9.2,26.8,33.2,29.0,28.8,24.1
2007-11-17,1502.48,9.2,25.3,29.6,28.8,25.3,28.1
2007-11-18,1387.9500000000003,9.2,25.4,29.4,28.4,22.4,26.8
2007-11-19,1469.99,9.2,27.3,34.9,29.8,21.0,27.0
2007-11-20,962.4100000000001,9.2,27.0,35.5,29.3,22.2,26.9
2007-11-21,1090.45,9.2,27.3,14.5,30.5,30.1,27.8
2007-11-22,1006.6500000000001,9.2,28.1,17.3,32.1,35.2,20.1
2007-11-23,1172.17,9.2,27.7,19.7,29.9,38.5,20.7
2007-11-24,1040.4700000000003,9.2,27.6,24.0,30.0,31.7,21.6
2007-11-25,2017.6299999999999,9.2,27.8,21.2,30.2,25.6,26.6
2007-11-26,2556.99,9.2,25.2,20.5,30.8,28.7,23.4
2007-11-27,1604.7600000000002,9.2,27.5,29.4,30.3,29.3,22.5
2007-11-28,1360.48,9.2,27.7,27.7,30.2,35.2,26.9
2007-11-29,1657.95,9.2,27.9,26.7,30.7,23.9,25.5
2007-11-30,1534.15,9.2,27.5,27.1,31.4,22.3,24.1
2007-12-10,111.60999999999997,14.4,29.2,19.1,31.8,34.9,22.1
2007-12-11,360.11999999999995,14.4,28.2,21.0,31.3,31.8,20.8
2007-12-12,476.0200000000001,14.4,28.5,26.3,32.1,26.4,23.8
2007-12-13,562.29,14.4,26.2,29.4,32.6,24.3,23.9
2007-12-14,273.25,14.4,28.1,31.5,32.6,26.7,23.8
2007-12-15,125.67,14.4,29.3,17.2,32.9,21.8,28.9
2007-12-16,112.47,14.4,29.7,20.5,32.8,20.9,24.4
2007-12-17,161.22999999999996,14.4,30.7,26.3,33.7,23.1,22.0
2007-12-18,140.20999999999998,14.4,27.1,27.9,32.5,24.3,22.2
2007-12-19,199.86000000000007,14.4,27.8,29.4,33.7,24.7,24.8
2007-12-20,121.05999999999999,14.4,27.6,25.6,33.4,24.6,25.7
2007-12-21,71.64999999999999,14.4,28.9,29.6,33.7,24.1,31.0
2007-12-22,85.08999999999997,14.4,29.8,17.0,32.3,27.4,30.0
2007-12-23,44.580000000000005,14.4,29.2,18.1,32.6,34.2,22.7
2007-12-24,51.989999999999995,14.4,27.6,18.1,32.5,35.9,23.7
2007-12-25,37.56,14.4,28.1,19.7,33.4,40.7,20.1
2007-12-26,75.58,14.4,26.5,25.4,32.6,44.2,25.3
2007-12-27,93.92999999999999,14.4,25.8,24.6,30.9,33.9,23.6
2007-12-28,76.52999999999999,14.4,27.0,34.3,31.3,29.7,27.7
2007-12-29,66.86999999999999,14.4,28.7,38.2,31.6,34.1,28.7
2007-12-30,189.82999999999998,14.4,28.2,30.2,29.8,27.3,28.0
2007-12-31,174.67000000000002,14.4,25.1,38.4,31.4,30.0,27.3
2008-10-10,1232.21,13.4,19.3,23.8,31.3,25.6,23.0
2008-10-11,1332.67,13.4,19.6,26.2,31.2,20.6,24.3
2008-10-12,923.9200000000001,13.4,21.7,28.1,31.0,20.5,25.3
2008-10-13,876.29,13.4,24.3,18.8,30.0,22.1,31.1
2008-10-14,878.3199999999999,13.4,25.0,16.7,26.9,29.5,21.2
2008-10-15,721.8899999999999,13.4,27.2,18.5,29.6,32.1,18.1
2008-10-16,1428.83,13.4,22.6,21.0,30.1,22.3,21.1
2008-10-17,920.1900000000002,13.4,23.1,23.7,29.9,22.0,26.5
2008-10-18,938.1800000000001,13.4,23.2,30.3,29.4,25.8,26.0
2008-10-19,772.3399999999999,13.4,23.3,18.6,29.6,33.5,31.1
2008-10-20,1207.5300000000002,13.4,24.5,16.8,26.8,35.7,19.7
2008-10-21,1669.94,13.4,25.6,15.9,29.0,32.7,17.5
2008-10-22,1850.87,13.4,25.8,16.3,30.9,30.1,14.0
2008-10-23,2608.61,13.4,23.0,20.9,30.7,31.1,15.6
2008-10-24,2153.52,13.4,24.3,23.7,29.5,23.0,19.8
2008-10-25,1436.15,13.4,23.8,28.2,28.9,20.5,25.8
2008-10-26,1037.16,13.4,25.2,28.3,30.0,21.6,27.6
2008-10-27,878.7700000000001,13.4,24.1,21.2,30.0,22.3,34.6
2008-10-28,820.01,13.4,25.6,17.9,30.1,20.3,21.3
2008-10-29,1323.0100000000002,13.4,25.9,24.6,30.4,21.8,18.5
2008-10-30,1566.08,13.4,,28.2,31.0,19.5,26.0
2008-10-31,882.26,13.4,27.9,19.3,32.0,22.5,37.0
2008-11-10,979.39,17.1,27.4,23.9,31.6,26.3,24.6
2008-11-11,1406.08,17.1,26.2,30.8,31.6,22.2,23.4
2008-11-12,1397.6100000000001,17.1,26.7,33.1,31.8,22.5,26.7
2008-11-13,1356.83,17.1,27.5,32.0,32.5,23.3,27.2
2008-11-14,1817.3300000000004,17.1,27.6,20.3,32.5,24.4,29.6
2008-11-15,1195.2800000000002,17.1,30.0,19.5,33.0,25.8,20.5
2008-11-16,934.9200000000001,17.1,31.9,16.6,33.1,25.5,20.3
2008-11-17,684.45,17.1,21.7,19.8,31.4,26.8,21.3
2008-11-18,364.98,17.1,22.1,21.9,31.1,25.9,24.7
2008-11-19,297.94,17.1,28.7,23.2,28.4,29.5,23.5
2008-11-20,188.87,17.1,29.2,14.8,30.9,23.1,29.7
2008-11-21,416.31,17.1,32.7,19.1,32.3,24.4,29.2
2008-11-22,343.62,17.1,32.1,14.5,35.0,23.6,21.9
2008-11-23,429.33,17.1,25.2,17.5,36.4,22.2,18.6
2008-11-24,592.6700000000001,17.1,30.4,14.9,36.0,21.8,19.9
2008-11-25,320.08000000000004,17.1,27.7,23.8,33.4,23.2,19.6
2008-11-26,228.75000000000003,17.1,24.4,28.1,33.2,22.2,22.6
2008-11-27,269.96999999999997,17.1,27.2,29.2,32.6,22.4,25.9
2008-11-28,47.88,17.1,29.0,19.4,30.9,23.9,26.9
2008-11-29,73.00999999999999,17.1,31.6,18.8,31.4,23.4,20.8
2008-11-30,82.03,17.1,30.2,23.9,31.5,24.5,25.8
2008-12-10,258.65000000000003,13.3,30.3,18.6,32.6,21.9,22.3
2008-12-11,141.73,13.3,31.0,24.9,32.9,24.2,20.1
2008-12-12,374.52,13.3,27.6,22.1,33.3,25.8,25.2
2008-12-13,198.03,13.3,34.2,17.2,33.0,31.5,33.5
2008-12-14,160.98000000000005,13.3,31.7,19.1,34.1,38.4,25.4
2008-12-15,271.66999999999996,13.3,30.9,19.7,32.9,26.7,22.1
2008-12-16,285.78999999999996,13.3,28.5,19.3,33.9,26.2,27.8
2008-12-17,99.77000000000001,13.3,29.4,19.7,32.6,25.4,27.2
2008-12-18,94.01000000000002,13.3,30.8,19.3,31.7,31.6,31.8
2008-12-19,123.82999999999998,13.3,31.8,17.0,32.4,29.1,25.4
2008-12-20,139.21000000000004,13.3,27.5,22.1,32.1,23.1,20.5
2008-12-21,41.84,13.3,28.0,28.4,33.1,23.6,23.4
2008-12-22,29.690000000000005,13.3,27.5,32.8,33.4,28.0,25.7
2008-12-23,79.95,13.3,28.5,19.7,32.3,25.2,28.0
2008-12-24,168.54999999999998,13.3,29.9,23.0,32.7,27.1,21.0
2008-12-25,85.38000000000001,13.3,29.5,24.1,33.3,26.6,24.6
2008-12-26,104.60000000000001,13.3,28.7,28.9,33.9,26.4,28.6
2008-12-27,17.18,13.3,29.2,28.9,31.1,28.8,29.8
2008-12-28,13.450000000000001,13.3,30.4,27.4,30.2,30.8,30.8
2008-12-29,29.86,13.3,32.2,20.7,31.4,36.3,23.5
2008-12-30,30.720000000000006,13.3,32.3,22.3,31.9,39.0,30.7
2008-12-31,161.65,13.3,34.9,22.4,30.1,34.6,31.4
2009-10-10,1479.66,-14.7,24.9,18.6,29.6,20.8,16.8
2009-10-11,1171.2,-14.7,22.4,20.3,29.2,17.5,19.9
2009-10-12,1121.49,-14.7,26.8,21.7,29.2,18.5,23.3
2009-10-13,1647.02,-14.7,35.0,17.5,28.8,19.2,25.5
2009-10-14,2829.11,-14.7,31.4,15.9,29.6,23.0,22.8
2009-10-15,2259.5299999999997,-14.7,31.0,14.8,29.6,27.4,23.5
2009-10-16,3377.9300000000003,-14.7,29.6,16.7,30.3,31.7,21.6
2009-10-17,3545.46,-14.7,26.2,16.3,33.7,36.9,20.1
2009-10-18,3197.41,-14.7,25.7,16.1,31.8,24.9,18.9
2009-10-19,2181.32,-14.7,25.2,20.9,28.9,21.2,22.0
2009-10-20,2110.76,-14.7,25.7,26.7,29.9,21.3,26.0
2009-10-21,1596.8000000000002,-14.7,28.1,18.0,30.0,24.3,35.6
2009-10-22,1336.6599999999999,-14.7,28.0,19.9,29.9,23.5,21.5
2009-10-23,2043.16,-14.7,28.3,17.7,29.9,27.5,26.4
2009-10-24,1608.0700000000002,-14.7,28.8,19.3,30.3,21.3,22.6
2009-10-25,2076.1,-14.7,28.9,15.8,31.2,32.5,21.5
2009-10-26,1471.0300000000002,-14.7,28.5,19.1,29.7,23.8,17.3
2009-10-27,1273.3400000000001,-14.7,26.9,22.6,31.0,26.6,19.9
2009-10-28,876.9300000000001,-14.7,26.9,21.8,29.1,21.1,23.9
2009-10-29,1251.8700000000001,-14.7,26.3,29.1,29.5,20.1,22.0
2009-10-30,1396.54,-14.7,26.0,25.2,29.2,25.7,26.2
2009-10-31,997.93,-14.7,27.2,32.2,30.4,21.7,24.5
2009-11-10,777.71,-6.0,25.6,33.6,30.0,29.9,25.6
2009-11-11,1438.07,-6.0,26.2,33.9,28.6,31.8,25.6
2009-11-12,1592.8200000000002,-6.0,27.5,29.7,25.2,30.1,30.0
2009-11-13,1582.1,-6.0,27.8,29.3,28.5,24.9,22.3
2009-11-14,2403.97,-6.0,28.1,31.4,30.3,23.7,27.1
2009-11-15,2362.8599999999997,-6.0,30.4,27.7,30.4,26.6,24.7
2009-11-16,2094.7400000000002,-6.0,31.4,21.1,30.4,23.5,31.6
2009-11-17,1796.46,-6.0,34.4,22.6,29.1,22.6,22.1
2009-11-18,2022.4099999999999,-6.0,28.2,31.9,29.1,21.7,26.0
2009-11-19,1674.84,-6.0,29.6,33.6,30.7,20.2,28.6
2009-11-20,1783.35,-6.0,31.9,36.4,31.6,20.8,36.3
2009-11-21,1513.53,-6.0,30.7,24.6,29.4,21.6,27.5
2009-11-22,1241.69,-6.0,31.7,16.5,30.7,26.9,42.5
2009-11-23,1395.74,-6.0,31.3,20.3,30.1,33.6,22.6
2009-11-24,1244.1299999999999,-6.0,29.8,24.0,31.0,35.8,23.5
2009-11-25,1241.8999999999999,-6.0,30.2,26.6,30.9,23.0,27.7
2009-11-26,1040.6100000000001,-6.0,28.6,28.8,30.9,20.3,28.1
2009-11-27,871.04,-6.0,31.2,26.4,31.6,21.7,32.7
2009-11-28,670.3799999999999,-6.0,34.2,23.0,29.5,31.5,33.3
2009-11-29,1571.08,-6.0,34.8,19.4,29.8,28.7,32.2
2009-11-30,2045.04,-6.0,34.3,19.9,30.7,25.6,21.6
2009-12-10,1437.4099999999999,-7.0,33.0,23.7,29.4,26.5,30.3
2009-12-11,502.95000000000005,-7.0,33.2,19.5,30.8,31.8,27.6
2009-12-12,357.10999999999996,-7.0,30.8,21.6,30.8,37.0,27.9
2009-12-13,1134.13,-7.0,33.1,20.6,32.5,39.2,26.1
2009-12-14,727.45,-7.0,31.8,21.0,33.0,28.5,24.7
2009-12-15,503.41,-7.0,29.3,30.0,32.9,25.7,26.6
2009-12-16,179.59999999999997,-7.0,30.0,37.2,29.4,24.1,29.1
2009-12-17,485.15000000000003,-7.0,30.5,22.1,31.1,28.9,32.6
2009-12-18,264.07000000000005,-7.0,31.6,22.3,30.4,34.1,23.1
2009-12-19,28.05,-7.0,30.8,20.2,30.2,37.1,27.2
2009-12-20,168.15,-7.0,28.1,22.4,30.7,35.5,24.0
2009-12-21,137.72000000000003,-7.0,29.0,27.1,31.3,32.3,27.3
2009-12-22,347.56999999999994,-7.0,32.0,26.9,31.8,31.3,32.2
2009-12-23,286.42,-7.0,30.2,37.9,31.8,23.9,31.0
2009-12-24,186.78,-7.0,30.0,25.0,33.0,29.1,32.4
2009-12-25,66.88,-7.0,29.1,19.9,32.6,35.1,28.0
2009-12-26,44.400000000000006,-7.0,29.7,22.6,32.9,34.1,20.3
2009-12-27,82.86,-7.0,29.3,24.1,31.3,31.9,22.1
2009-12-28,147.26000000000002,-7.0,28.5,25.6,32.9,39.6,22.2
2009-12-29,342.62,-7.0,29.1,26.6,32.0,39.4,25.1
2009-12-30,305.4599999999999,-7.0,28.6,36.4,33.1,24.0,25.1
2009-12-31,52.74000000000001,-7.0,28.6,35.3,31.8,26.6,26.5
2010-10-10,23.410000000000004,18.3,19.6,24.0,29.9,20.7,21.7
2010-10-11,70.02,18.3,22.2,23.7,30.1,19.3,23.0
2010-10-12,113.12999999999998,18.3,22.9,24.0,30.3,23.3,23.6
2010-10-13,159.27,18.3,23.9,14.3,31.1,21.9,26.2
2010-10-14,114.74,18.3,25.6,20.2,27.4,22.0,27.1
2010-10-15,28.0,18.3,25.3,11.4,29.6,24.0,25.2
2010-10-16,64.28999999999999,18.3,20.8,12.9,28.2,27.3,16.4
2010-10-17,144.61,18.3,22.2,16.3,28.1,28.9,24.2
2010-10-18,701.4,18.3,23.7,17.2,27.2,32.6,25.4
2010-10-19,431.71,18.3,26.7,16.1,29.7,26.8,18.7
2010-10-20,353.34000000000003,18.3,22.2,19.0,30.3,24.6,21.6
2010-10-21,129.59,18.3,22.6,25.1,26.1,20.6,23.4
2010-10-22,96.65,18.3,25.4,27.1,28.8,21.5,25.4
2010-10-23,162.03000000000003,18.3,26.6,15.9,29.5,26.5,30.6
2010-10-24,126.51000000000002,18.3,27.1,16.7,30.3,26.7,16.9
2010-10-25,191.13,18.3,26.0,22.5,30.7,24.9,19.0
2010-10-26,372.9,18.3,26.4,22.3,30.6,33.8,26.7
2010-10-27,319.34000000000003,18.3,28.0,18.1,30.8,21.4,20.0
2010-10-28,225.92000000000002,18.3,27.4,23.3,30.4,19.8,20.6
2010-10-29,421.85,18.3,26.5,26.5,31.3,20.9,22.1
2010-10-30,352.62,18.3,26.5,22.0,30.1,24.9,26.3
2010-10-31,159.20000000000005,18.3,25.7,15.7,30.8,28.3,26.9
2010-11-10,881.2,16.4,26.4,26.3,31.9,24.3,27.9
2010-11-11,447.01,16.4,28.0,29.8,32.2,21.0,29.6
2010-11-12,891.9399999999998,16.4,28.0,31.4,31.3,21.5,29.2
2010-11-13,280.46,16.4,27.1,15.1,32.8,24.9,32.3
2010-11-14,106.54000000000002,16.4,27.9,19.9,32.4,28.1,32.5
2010-11-15,315.88,16.4,28.2,17.7,31.6,29.5,21.7
2010-11-16,316.27,16.4,27.8,17.6,30.5,30.3,21.2
2010-11-17,138.70999999999998,16.4,29.5,21.4,31.9,34.9,22.1
2010-11-18,240.90000000000003,16.4,25.2,16.3,30.1,37.2,25.3
2010-11-19,443.35,16.4,27.5,19.2,27.8,38.8,18.3
2010-11-20,512.62,16.4,25.5,23.7,30.9,29.2,21.9
2010-11-21,540.43,16.4,25.1,24.1,28.5,32.7,24.7
2010-11-22,476.29,16.4,26.6,31.5,30.4,26.3,25.8
2010-11-23,510.5,16.4,26.6,30.4,29.8,24.7,26.8
2010-11-24,371.81000000000006,16.4,26.4,29.5,29.0,28.6,26.8
2010-11-25,358.15999999999997,16.4,26.1,23.4,29.8,27.4,28.2
2010-11-26,610.81,16.4,27.4,26.6,27.9,30.5,25.9
2010-11-27,336.69,16.4,26.7,23.8,30.7,33.7,28.3
2010-11-28,74.44999999999997,16.4,26.3,15.4,30.2,36.4,25.8
2010-11-29,144.26,16.4,28.0,21.5,29.6,36.5,19.6
2010-11-30,130.31,16.4,27.3,23.2,30.1,37.2,22.2
2010-12-10,22.569999999999997,27.1,30.4,19.2,32.2,26.6,29.6
2010-12-11,17.82,27.1,30.7,21.8,31.3,29.4,29.2
2010-12-12,49.239999999999995,27.1,27.2,18.1,30.8,35.5,32.0
2010-12-13,52.690000000000005,27.1,30.2,22.1,32.1,26.2,24.8
2010-12-14,213.1,27.1,29.1,27.5,31.5,24.6,23.5
2010-12-15,278.84,27.1,32.1,25.7,30.9,29.8,28.4
2010-12-16,185.64999999999998,27.1,31.3,20.7,31.3,33.1,23.6
2010-12-17,32.57,27.1,30.6,23.2,31.9,31.3,27.7
2010-12-18,3.1,27.1,30.4,19.0,32.6,30.5,27.2
2010-12-19,3.74,27.1,24.2,18.5,34.8,28.8,28.3
2010-12-20,17.05,27.1,28.1,16.4,34.5,26.8,22.1
2010-12-21,3.3100000000000005,27.1,27.7,16.5,32.5,34.0,28.8
2010-12-22,6.87,27.1,23.1,24.6,31.6,32.2,23.8
2010-12-23,41.83,27.1,29.1,19.8,28.6,35.5,31.3
2010-12-24,85.19,27.1,27.7,25.4,26.2,31.2,23.4
2010-12-25,22.35,27.1,26.2,25.4,29.7,39.9,28.1
2010-12-26,52.74,27.1,24.2,20.0,30.4,36.7,32.2
2010-12-27,23.3,27.1,26.6,16.3,31.5,40.0,20.0
2010-12-28,129.98000000000002,27.1,25.1,21.9,31.7,30.7,22.8
2010-12-29,179.97000000000003,27.1,27.5,29.0,31.6,28.9,27.7
2010-12-30,132.5,27.1,30.4,26.8,32.3,31.7,27.0
2010-12-31,90.1,27.1,29.5,39.6,32.5,32.9,29.5
2011-10-10,3344.1100000000006,7.3,25.8,14.9,31.4,26.6,20.9
2011-10-11,2681.3,7.3,27.7,15.6,30.9,25.3,20.4
2011-10-12,2613.51,7.3,27.6,16.5,31.9,22.6,19.8
2011-10-13,4586.98,7.3,27.3,22.4,30.5,20.8,19.7
2011-10-14,6285.290000000001,7.3,26.9,24.7,31.7,22.3,19.5
2011-10-15,6464.3099999999995,7.3,27.5,20.9,31.4,28.6,23.5
2011-10-16,5236.24,7.3,29.3,16.6,30.6,36.3,20.8
2011-10-17,5313.25,7.3,22.5,17.9,32.6,22.9,18.0
2011-10-18,4927.620000000001,7.3,23.8,24.5,25.9,19.8,19.7
2011-10-19,3124.16,7.3,23.2,28.1,23.1,20.8,23.2
2011-10-20,2282.78,7.3,24.0,28.9,26.6,25.5,26.2
2011-10-21,1272.38,7.3,25.6,15.6,27.6,30.0,30.7
2011-10-22,684.32,7.3,25.2,18.2,28.5,25.5,25.8
2011-10-23,1097.88,7.3,25.1,28.8,29.3,24.6,25.6
2011-10-24,1368.4900000000002,7.3,26.4,19.4,30.0,23.2,34.6
2011-10-25,2161.84,7.3,28.3,17.1,30.5,23.3,18.4
2011-10-26,3048.5499999999997,7.3,27.4,21.4,29.7,20.9,18.9
2011-10-27,3039.66,7.3,25.7,24.7,30.4,22.8,20.4
2011-10-28,2397.7,7.3,23.9,27.6,30.8,23.5,23.7
2011-10-29,2223.33,7.3,26.4,21.3,30.6,25.6,28.9
2011-10-30,2752.7700000000004,7.3,27.8,15.4,30.8,26.7,26.4
2011-10-31,2102.7799999999997,7.3,25.6,16.2,30.6,29.6,19.0
2011-11-10,1482.5100000000002,13.8,29.9,20.5,31.4,23.6,29.4
2011-11-11,1573.08,13.8,29.3,22.8,31.4,24.7,23.7
2011-11-12,2509.2599999999998,13.8,28.2,23.5,30.6,23.6,25.6
2011-11-13,1613.42,13.8,28.5,23.4,30.8,22.8,25.1
2011-11-14,2028.4299999999998,13.8,29.9,25.1,31.2,24.2,37.9
2011-11-15,2445.86,13.8,32.4,28.6,30.6,24.5,27.0
2011-11-16,1420.08,13.8,30.4,20.2,29.9,23.9,21.2
2011-11-17,939.95,13.8,28.9,27.1,31.0,24.0,22.3
2011-11-18,293.06,13.8,28.5,33.2,32.0,22.6,26.0
2011-11-19,845.3700000000001,13.8,28.6,21.5,31.3,25.5,31.4
2011-11-20,648.6600000000001,13.8,29.6,21.2,30.0,28.2,28.8
2011-11-21,1129.08,13.8,29.9,21.5,31.2,29.5,23.6
2011-11-22,502.70000000000005,13.8,29.0,19.5,30.5,33.0,22.3
2011-11-23,657.3199999999999,13.8,30.9,19.2,30.8,36.3,18.6
2011-11-24,1100.56,13.8,24.8,23.6,30.3,37.2,18.5
2011-11-25,618.3299999999999,13.8,29.6,24.1,31.6,28.0,20.2
2011-11-26,945.5200000000002,13.8,29.5,19.6,30.9,24.7,28.0
2011-11-27,916.5500000000001,13.8,33.9,22.6,31.6,23.5,28.5
2011-11-28,899.3800000000001,13.8,31.6,28.0,32.5,22.7,28.2
2011-11-29,1099.8200000000002,13.8,29.8,32.6,32.8,24.3,27.6
2011-11-30,1334.48,13.8,29.0,17.5,31.7,28.4,32.4
2011-12-10,370.45000000000005,23.0,26.9,28.0,32.4,30.1,23.6
2011-12-11,540.86,23.0,30.4,20.2,33.2,31.7,28.2
2011-12-12,441.61,23.0,32.9,19.9,33.9,26.3,19.0
2011-12-13,956.85,23.0,31.1,18.2,35.8,23.9,22.0
2011-12-14,741.6500000000001,23.0,28.4,19.2,34.8,29.1,20.3
2011-12-15,618.48,23.0,24.6,24.6,32.8,26.5,22.3
2011-12-16,314.1,23.0,25.7,27.7,28.8,28.1,22.3
2011-12-17,46.09,23.0,27.1,31.4,31.2,29.6,22.5
2011-12-18,160.32,23.0,25.5,26.0,31.0,25.5,24.5
2011-12-19,504.92999999999995,23.0,27.0,23.3,31.5,26.3,24.4
2011-12-20,325.18000000000006,23.0,29.1,22.2,31.6,30.6,21.8
2011-12-21,882.5699999999999,23.0,27.9,24.9,32.7,29.2,22.7
2011-12-22,564.63,23.0,28.2,28.0,32.9,30.4,22.6
2011-12-23,1073.21,23.0,27.6,31.4,32.5,28.5,25.6
2011-12-24,1033.07,23.0,27.6,30.9,31.3,30.9,26.7
2011-12-25,1480.13,23.0,28.9,29.1,31.1,30.2,28.2
2011-12-26,1305.38,23.0,31.5,20.6,31.9,32.1,28.4
2011-12-27,1075.48,23.0,32.5,19.9,33.3,36.1,21.7
2011-12-28,738.54,23.0,28.9,22.2,29.6,39.9,21.9
2011-12-29,575.4399999999998,23.0,28.1,23.0,27.5,37.8,22.7
2011-12-30,841.74,23.0,28.4,29.1,31.5,30.8,24.7
2011-12-31,673.46,23.0,25.9,32.8,31.3,29.6,23.9
2012-10-10,2190.26,2.4,28.3,14.9,29.3,27.2,25.1
2012-10-11,2811.0099999999998,2.4,24.2,12.2,31.1,30.2,20.0
2012-10-12,2880.98,2.4,20.0,13.7,30.3,26.0,15.8
2012-10-13,2333.25,2.4,25.4,16.8,30.1,23.2,18.3
2012-10-14,3031.23,2.4,27.9,22.4,29.9,22.0,19.4
2012-10-15,2718.25,2.4,25.0,24.9,29.9,21.4,27.4
2012-10-16,2634.73,2.4,26.2,19.4,30.1,23.3,34.7
2012-10-17,2445.1000000000004,2.4,28.7,16.1,30.4,22.5,21.6
2012-10-18,3281.1600000000003,2.4,28.6,20.5,30.4,23.4,23.7
2012-10-19,4655.14,2.4,27.2,27.1,28.5,23.3,28.8
2012-10-20,7986.799999999999,2.4,30.2,21.1,30.3,29.0,30.2
2012-10-21,7438.789999999999,2.4,31.6,18.2,31.5,29.3,28.3
2012-10-22,13079.970000000001,2.4,33.2,18.0,32.1,21.2,16.9
2012-10-23,10998.17,2.4,24.8,21.9,30.4,21.1,19.2
2012-10-24,4102.400000000001,2.4,25.7,23.4,28.3,24.5,24.0
2012-10-25,3022.51,2.4,26.5,21.2,30.0,25.9,28.9
2012-10-26,2765.7200000000003,2.4,31.3,15.4,29.2,28.4,22.9
2012-10-27,2835.56,2.4,29.6,15.5,29.1,33.6,19.4
2012-10-28,3302.6099999999997,2.4,23.4,19.0,30.8,36.2,20.2
2012-10-29,3691.53,2.4,25.6,27.2,31.2,23.4,23.0
2012-10-30,3035.8600000000006,2.4,25.7,30.6,31.9,22.4,24.7
2012-10-31,3525.1499999999996,2.4,29.2,29.1,32.2,21.4,28.9
2012-11-10,2962.09,3.9,22.4,19.9,28.8,23.8,19.9
2012-11-11,3692.3900000000003,3.9,25.8,25.3,32.3,21.6,21.7
2012-11-12,1423.35,3.9,25.8,26.1,30.3,26.9,25.2
2012-11-13,2172.2599999999998,3.9,26.8,18.7,29.8,31.0,20.5
2012-11-14,2775.3100000000004,3.9,27.9,20.3,31.6,26.6,22.0
2012-11-15,2087.1400000000003,3.9,28.5,18.0,31.0,26.3,26.5
2012-11-16,2732.69,3.9,31.1,17.7,30.4,30.4,17.9
2012-11-17,2657.35,3.9,27.2,18.3,30.2,35.3,21.4
2012-11-18,3505.7799999999997,3.9,26.1,18.4,30.6,25.4,25.1
2012-11-19,5770.96,3.9,34.4,23.6,33.1,25.0,19.0
2012-11-20,4269.71,3.9,28.1,27.4,31.1,26.1,22.5
2012-11-21,2358.63,3.9,28.1,20.9,31.3,35.2,25.5
2012-11-22,2100.0299999999997,3.9,28.9,21.0,31.5,31.8,19.9
2012-11-23,3019.3,3.9,28.1,24.2,31.2,24.1,22.0
2012-11-24,2104.8,3.9,27.7,34.2,31.9,30.0,26.7
2012-11-25,1577.46,3.9,28.1,23.9,32.5,28.4,33.1
2012-11-26,1366.3600000000001,3.9,28.8,24.5,32.1,30.2,25.0
2012-11-27,1072.8700000000001,3.9,29.4,23.0,33.0,25.5,23.9
2012-11-28,1588.84,3.9,30.3,30.4,31.6,22.0,23.4
2012-11-29,1376.0700000000002,3.9,29.9,39.0,33.1,19.8,29.4
2012-11-30,1820.2,3.9,30.6,28.4,29.6,20.7,32.8
2012-12-10,1317.9900000000002,-6.0,26.4,23.1,32.9,34.1,20.5
2012-12-11,1557.0500000000002,-6.0,28.2,27.3,32.1,30.1,20.5
2012-12-12,1778.8199999999997,-6.0,28.3,32.6,32.3,24.7,26.2
2012-12-13,1117.0500000000002,-6.0,28.4,35.2,34.0,25.5,28.4
2012-12-14,1509.66,-6.0,28.8,22.9,32.6,26.0,27.9
2012-12-15,998.7300000000002,-6.0,29.3,23.1,32.3,28.3,28.2
2012-12-16,699.19,-6.0,31.7,21.6,31.3,31.4,34.1
2012-12-17,680.64,-6.0,33.0,21.2,32.2,24.7,23.7
2012-12-18,729.64,-6.0,33.4,27.4,31.7,25.1,26.9
2012-12-19,533.85,-6.0,31.2,30.8,32.2,28.4,32.9
2012-12-20,366.26000000000005,-6.0,32.6,23.5,32.6,35.3,34.6
2012-12-21,261.9100000000001,-6.0,31.8,23.5,33.4,29.8,24.6
2012-12-22,433.1,-6.0,29.7,29.7,34.3,26.7,28.0
2012-12-23,219.14000000000001,-6.0,31.0,38.5,33.3,26.7,31.6
2012-12-24,611.44,-6.0,28.1,28.6,32.9,32.7,31.6
2012-12-25,466.35,-6.0,31.8,22.1,34.3,39.6,20.7
2012-12-26,549.1099999999999,-6.0,28.4,26.1,32.7,37.5,22.3
2012-12-27,736.11,-6.0,30.2,30.1,34.4,38.3,24.7
2012-12-28,371.13,-6.0,31.1,21.6,34.0,39.3,31.3
2012-12-29,366.51,-6.0,31.6,22.6,34.0,40.5,24.5
2012-12-30,403.33000000000004,-6.0,30.4,23.3,34.4,37.5,24.8
2012-12-31,161.85000000000002,-6.0,29.3,25.6,31.1,42.1,29.3
2013-10-10,1254.1999999999998,-1.9,28.3,15.5,31.0,21.7,37.8
2013-10-11,958.5400000000001,-1.9,31.7,18.9,30.6,20.9,22.2
2013-10-12,688.3800000000001,-1.9,28.0,23.7,30.4,18.8,26.8
2013-10-13,333.50999999999993,-1.9,30.9,15.2,31.5,21.9,36.2
2013-10-14,425.24,-1.9,29.0,14.2,31.1,25.2,17.7
2013-10-15,376.25,-1.9,27.0,18.6,31.4,22.0,24.8
2013-10-16,576.11,-1.9,26.6,25.8,31.3,22.4,28.5
2013-10-17,628.5500000000001,-1.9,27.8,14.1,28.9,22.1,33.9
2013-10-18,857.46,-1.9,24.8,20.7,30.2,23.0,20.9
2013-10-19,873.1500000000001,-1.9,27.4,25.4,31.6,19.3,23.8
2013-10-20,771.6200000000001,-1.9,27.4,30.5,31.0,19.6,28.3
2013-10-21,983.43,-1.9,28.0,18.3,31.0,20.7,32.5
2013-10-22,1199.7299999999998,-1.9,28.4,19.3,28.6,24.1,27.6
2013-10-23,1161.5300000000002,-1.9,29.6,15.1,30.5,27.0,33.7
2013-10-24,990.11,-1.9,33.0,13.3,29.2,27.9,23.7
2013-10-25,800.98,-1.9,26.2,14.7,30.0,23.7,25.1
2013-10-26,776.78,-1.9,29.2,15.9,32.0,24.8,22.1
2013-10-27,1318.34,-1.9,26.7,16.8,31.0,28.5,23.1
2013-10-28,845.23,-1.9,26.8,19.1,31.2,29.0,23.3
2013-10-29,835.5200000000001,-1.9,31.3,16.1,30.3,30.6,24.3
2013-10-30,703.88,-1.9,27.2,18.0,29.4,37.2,20.9
2013-10-31,940.77,-1.9,26.3,18.1,29.9,25.6,24.1
2013-11-10,1006.6600000000001,9.2,30.9,16.8,30.4,37.2,20.0
2013-11-11,874.0400000000001,9.2,28.7,16.7,32.2,30.7,18.8
2013-11-12,884.0500000000001,9.2,29.1,15.7,30.6,27.7,22.4
2013-11-13,575.0300000000001,9.2,30.1,12.6,31.1,29.3,29.7
2013-11-14,687.1899999999999,9.2,27.7,14.9,29.9,32.6,28.6
2013-11-15,732.9700000000001,9.2,29.1,17.0,30.2,33.7,23.0
2013-11-16,824.7,9.2,27.2,20.1,29.9,37.1,21.2
2013-11-17,407.75,9.2,25.5,21.4,30.1,28.3,18.6
2013-11-18,239.95000000000002,9.2,28.4,26.4,30.6,25.2,19.6
2013-11-19,459.94000000000005,9.2,31.0,29.8,31.5,25.7,24.1
2013-11-20,535.95,9.2,28.8,19.6,31.0,28.3,26.7
2013-11-21,286.57000000000005,9.2,28.8,23.5,31.3,31.9,27.1
2013-11-22,40.07,9.2,28.1,21.7,30.8,31.1,25.9
2013-11-23,44.16,9.2,29.4,19.4,30.8,27.0,24.9
2013-11-24,126.97999999999999,9.2,31.2,18.6,29.5,24.9,23.1
2013-11-25,210.10000000000002,9.2,29.3,20.9,30.1,25.2,22.0
2013-11-26,489.86,9.2,27.2,28.0,31.0,29.3,21.1
2013-11-27,184.5,9.2,27.1,31.6,32.5,29.6,24.1
2013-11-28,298.97,9.2,28.9,23.8,28.6,30.2,29.3
2013-11-29,185.60000000000002,9.2,33.5,16.9,29.8,24.4,20.7
2013-11-30,279.13,9.2,24.4,20.0,30.6,23.2,21.6
2013-12-10,209.43,0.6,29.6,19.8,30.6,32.1,34.4
2013-12-11,238.88,0.6,30.8,19.6,30.4,33.5,29.4
2013-12-12,109.63,0.6,27.3,22.6,29.4,36.1,27.0
2013-12-13,190.99000000000004,0.6,30.1,23.1,29.9,39.0,28.9
2013-12-14,361.21000000000004,0.6,30.2,19.5,30.9,40.4,24.9
2013-12-15,335.80000000000007,0.6,30.5,21.3,32.7,37.1,24.3
2013-12-16,273.43999999999994,0.6,29.7,22.5,30.5,37.1,25.1
2013-12-17,389.39,0.6,28.0,23.9,31.3,28.4,27.7
2013-12-18,280.54,0.6,29.3,29.1,31.7,27.8,26.3
2013-12-19,300.42,0.6,28.7,38.3,31.5,30.5,27.8
2013-12-20,237.86999999999998,0.6,29.2,28.2,30.7,28.2,37.8
2013-12-21,175.69000000000003,0.6,30.9,22.1,31.3,28.7,26.3
2013-12-22,270.17,0.6,30.0,27.3,31.3,29.9,31.2
2013-12-23,89.2,0.6,30.1,16.8,29.0,33.9,36.6
2013-12-24,191.78,0.6,32.5,22.2,32.0,29.4,21.5
2013-12-25,146.6,0.6,30.7,29.6,30.4,30.8,21.5
2013-12-26,121.71,0.6,32.7,27.8,32.2,28.2,25.0
2013-12-27,83.4,0.6,31.0,22.4,31.2,28.3,25.8
2013-12-28,166.76000000000002,0.6,29.8,34.0,31.3,32.2,27.6
2013-12-29,163.34999999999997,0.6,34.8,20.3,31.5,32.6,22.9
2013-12-30,635.3100000000002,0.6,31.1,21.5,32.0,31.0,25.6
2013-12-31,1820.36,0.6,29.0,24.3,31.7,25.8,30.2
2014-10-10,861.9900000000001,-8.0,25.4,22.8,30.6,22.3,24.7
2014-10-11,1296.58,-8.0,26.4,20.3,29.4,21.0,29.0
2014-10-12,2118.91,-8.0,26.2,29.5,30.2,21.8,29.3
2014-10-13,880.8599999999999,-8.0,26.9,15.1,29.3,25.8,25.7
2014-10-14,1749.75,-8.0,27.7,15.2,29.9,30.9,19.2
2014-10-15,1892.53,-8.0,26.2,14.7,32.5,35.4,16.4
2014-10-16,2211.58,-8.0,26.7,15.9,30.9,27.8,22.8
2014-10-17,2418.91,-8.0,30.2,18.0,31.5,24.6,18.1
2014-10-18,2774.29,-8.0,26.5,22.7,32.1,25.2,20.8
2014-10-19,3459.8100000000004,-8.0,26.9,28.5,29.8,19.3,25.5
2014-10-20,2036.83,-8.0,26.6,19.6,28.9,21.1,19.2
2014-10-21,2790.8100000000004,-8.0,27.1,27.1,30.3,25.1,19.8
2014-10-22,2227.81,-8.0,25.5,30.2,30.3,31.9,23.3
2014-10-23,1802.32,-8.0,27.0,22.5,30.5,23.4,27.6
2014-10-24,1875.38,-8.0,27.3,30.1,29.5,26.0,28.1
2014-10-25,2756.3500000000004,-8.0,28.6,20.4,30.2,22.3,25.4
2014-10-26,1781.21,-8.0,29.0,24.0,29.9,22.3,30.9
2014-10-27,2381.69,-8.0,34.0,18.2,29.3,24.7,33.2
2014-10-28,2735.26,-8.0,34.2,18.9,29.3,29.9,29.5
2014-10-29,1685.6200000000001,-8.0,30.7,22.8,29.9,27.9,23.9
2014-10-30,2053.84,-8.0,28.8,21.0,31.1,22.2,32.9
2014-10-31,4171.2300000000005,-8.0,30.4,31.3,30.9,23.8,31.9
2014-11-10,1237.0600000000002,-10.0,29.2,20.0,31.7,24.2,23.0
2014-11-11,1093.61,-10.0,29.9,18.7,31.8,24.7,22.0
2014-11-12,1586.68,-10.0,28.3,27.0,31.3,22.5,22.6
2014-11-13,1727.65,-10.0,28.6,33.3,31.8,21.6,25.2
2014-11-14,934.33,-10.0,30.0,21.2,32.5,23.2,38.0
2014-11-15,608.49,-10.0,32.2,17.7,30.5,26.0,22.0
2014-11-16,930.8700000000001,-10.0,38.9,18.2,30.8,30.7,29.0
2014-11-17,929.4900000000001,-10.0,30.3,20.5,31.3,27.9,24.6
2014-11-18,685.0,-10.0,28.3,20.2,32.3,25.9,23.8
2014-11-19,468.38,-10.0,30.0,28.1,31.9,24.1,25.6
2014-11-20,703.21,-10.0,28.9,28.4,31.7,24.1,30.6
2014-11-21,1169.83,-10.0,30.4,23.1,32.4,23.4,37.0
2014-11-22,814.18,-10.0,31.5,29.8,32.1,23.6,26.1
2014-11-23,1149.3200000000002,-10.0,30.4,25.9,33.3,23.0,33.0
2014-11-24,941.3199999999999,-10.0,30.5,21.7,33.3,27.0,30.0
2014-11-25,507.51,-10.0,31.1,20.9,33.5,34.7,24.3
2014-11-26,284.03,-10.0,29.1,20.1,32.7,33.9,26.0
2014-11-27,255.76999999999998,-10.0,32.0,19.7,32.2,27.0,21.2
2014-11-28,225.03,-10.0,27.4,22.9,33.2,24.9,24.3
2014-11-29,239.15,-10.0,27.3,27.5,29.5,25.4,27.6
2014-11-30,318.87,-10.0,27.8,34.2,32.1,26.2,29.5
2014-12-10,264.48,-5.5,29.9,21.2,32.7,27.1,25.8
2014-12-11,180.60000000000005,-5.5,32.2,22.1,32.1,33.4,22.7
2014-12-12,174.32,-5.5,24.7,25.9,32.9,24.7,22.0
2014-12-13,423.0,-5.5,24.9,29.8,34.8,24.9,23.5
2014-12-14,329.88,-5.5,26.3,28.2,33.5,27.1,26.0
2014-12-15,455.97,-5.5,28.8,26.6,31.9,23.7,28.4
2014-12-16,455.52,-5.5,30.0,32.6,32.0,24.2,26.8
2014-12-17,524.61,-5.5,35.0,22.2,31.9,23.8,23.0
2014-12-18,420.23,-5.5,32.4,24.4,31.7,30.2,27.5
2014-12-19,400.35,-5.5,34.7,20.6,31.5,38.6,22.7
2014-12-20,458.12000000000006,-5.5,29.1,24.0,32.9,26.9,23.7
2014-12-21,216.95,-5.5,29.3,32.9,33.5,28.8,28.1
2014-12-22,163.15,-5.5,28.5,28.1,32.5,29.3,29.3
2014-12-23,278.57,-5.5,28.8,26.3,33.8,32.6,28.8
2014-12-24,153.49000000000004,-5.5,30.3,23.3,33.0,32.4,24.2
2014-12-25,148.32999999999998,-5.5,30.2,,33.4,32.0,29.4
2014-12-26,73.19999999999999,-5.5,31.7,,31.1,33.5,27.4
2014-12-27,116.97,-5.5,23.4,,33.0,34.9,22.2
2014-12-28,80.49,-5.5,27.0,,33.5,30.6,26.2
2014-12-29,203.03,-5.5,29.9,,32.5,34.4,28.5
2014-12-30,179.86000000000007,-5.5,35.5,,32.7,39.3,35.2
2014-12-31,90.82000000000001,-5.5,33.9,,33.4,27.5,26.0
2015-10-10,797.5,-20.2,25.6,27.8,28.2,32.4,26.2
2015-10-11,646.1099999999999,-20.2,25.9,26.4,29.5,33.2,26.1
2015-10-12,838.9000000000001,-20.2,27.4,15.4,26.7,33.4,29.7
2015-10-13,1298.1999999999998,-20.2,28.0,20.6,28.4,31.8,21.7
2015-10-14,919.12,-20.2,27.3,27.1,28.9,22.1,25.4
2015-10-15,1117.46,-20.2,26.9,32.3,29.5,20.6,26.2
2015-10-16,1890.7000000000003,-20.2,26.6,21.5,27.7,22.5,32.0
2015-10-17,993.4399999999999,-20.2,27.6,21.2,29.2,30.3,24.5
2015-10-18,913.51,-20.2,27.1,20.4,27.6,23.6,22.6
2015-10-19,1576.5900000000001,-20.2,26.5,28.4,28.4,22.1,27.1
2015-10-20,1238.8400000000001,-20.2,26.8,30.1,26.9,27.4,30.7
2015-10-21,1374.7200000000003,-20.2,27.2,18.1,28.5,31.7,29.1
2015-10-22,1043.16,-20.2,29.3,17.4,27.9,23.6,20.3
2015-10-23,1120.8400000000001,-20.2,27.3,16.4,28.2,23.1,19.4
2015-10-24,1472.46,-20.2,24.3,22.6,29.8,23.8,24.0
2015-10-25,996.5900000000001,-20.2,25.4,30.4,30.7,25.1,25.8
2015-10-26,1252.04,-20.2,28.4,17.1,30.6,28.7,26.4
2015-10-27,2017.17,-20.2,30.7,22.3,30.5,26.9,18.4
2015-10-28,1201.23,-20.2,22.3,27.0,30.1,27.6,21.8
2015-10-29,1656.12,-20.2,23.1,26.9,29.3,26.1,23.3
2015-10-30,1452.24,-20.2,24.1,26.8,30.8,27.7,24.8
2015-10-31,1870.96,-20.2,25.2,24.8,31.5,25.1,25.9
2015-11-10,1404.49,-5.3,26.6,16.6,28.3,32.2,27.3
2015-11-11,737.8000000000002,-5.3,26.5,22.4,28.4,29.4,24.4
2015-11-12,842.5000000000001,-5.3,26.4,24.4,31.3,33.5,26.4
2015-11-13,755.6700000000001,-5.3,28.1,19.9,30.0,36.0,28.4
2015-11-14,898.4000000000001,-5.3,26.7,18.5,29.7,39.4,20.8
2015-11-15,1256.97,-5.3,27.3,21.4,30.2,31.4,19.7
2015-11-16,2190.84,-5.3,27.0,28.2,31.4,32.3,22.0
2015-11-17,3318.1400000000003,-5.3,26.0,32.4,30.5,26.0,26.2
2015-11-18,2108.44,-5.3,28.2,29.5,31.9,22.1,37.1
2015-11-19,2369.55,-5.3,33.4,31.8,31.2,22.3,35.0
2015-11-20,1762.94,-5.3,30.9,20.1,31.1,29.0,42.8
2015-11-21,1603.16,-5.3,33.3,18.4,31.7,34.9,22.1
2015-11-22,1969.41,-5.3,28.4,21.1,30.6,35.3,23.2
2015-11-23,1423.86,-5.3,29.9,21.8,29.6,27.0,23.8
2015-11-24,1358.63,-5.3,30.5,26.4,30.4,25.6,26.7
2015-11-25,1092.76,-5.3,31.0,32.2,30.8,25.9,33.8
2015-11-26,1180.3600000000001,-5.3,31.8,17.4,32.1,30.9,39.2
2015-11-27,897.9499999999999,-5.3,31.1,18.1,32.1,31.4,24.4
2015-11-28,718.31,-5.3,30.4,21.9,31.7,27.9,24.6
2015-11-29,1053.0500000000002,-5.3,31.0,23.1,31.1,26.4,27.8
2015-11-30,976.7600000000002,-5.3,31.8,31.0,31.0,24.5,28.5
2015-12-10,186.88000000000002,-9.1,32.3,27.4,32.5,27.3,26.5
2015-12-11,277.7,-9.1,32.5,19.5,31.5,31.6,37.0
2015-12-12,107.97,-9.1,22.4,19.6,31.3,28.1,23.0
2015-12-13,295.9,-9.1,27.3,28.9,31.1,26.0,26.4
2015-12-14,382.68000000000006,-9.1,29.1,29.2,30.6,26.0,29.2
2015-12-15,290.0900000000001,-9.1,29.9,29.2,32.3,28.3,28.6
2015-12-16,214.88,-9.1,27.3,31.6,31.7,26.5,24.6
2015-12-17,377.49000000000007,-9.1,29.7,,31.6,29.4,27.6
2015-12-18,285.87000000000006,-9.1,28.6,40.2,29.9,25.6,29.9
2015-12-19,385.84,-9.1,28.7,41.5,31.9,22.7,33.4
2015-12-20,263.21,-9.1,30.1,39.3,29.2,30.4,32.0
2015-12-21,174.07999999999998,-9.1,31.2,21.8,31.2,35.7,27.0
2015-12-22,86.21,-9.1,30.5,28.8,31.4,38.7,21.7
2015-12-23,118.37,-9.1,30.6,31.5,28.2,40.5,23.8
2015-12-24,58.120000000000005,-9.1,28.1,34.5,27.9,25.8,25.4
2015-12-25,89.27999999999999,-9.1,28.4,34.1,29.8,28.0,26.6
2015-12-26,106.99,-9.1,32.0,20.7,29.8,33.2,28.1
2015-12-27,85.92999999999998,-9.1,31.2,21.4,31.0,38.5,20.6
2015-12-28,121.59999999999998,-9.1,29.0,24.3,30.0,41.6,21.4
2015-12-29,161.14000000000001,-9.1,26.5,27.5,31.1,34.0,23.8
2015-12-30,101.69,-9.1,29.8,35.1,25.7,31.5,24.9
2015-12-31,41.17,-9.1,29.9,39.9,28.9,32.5,28.7
2016-10-10,942.3300000000002,-4.3,26.4,16.1,29.4,20.7,34.3
2016-10-11,643.67,-4.3,29.2,14.7,28.5,26.2,19.0
2016-10-12,1112.3700000000001,-4.3,24.5,15.5,29.1,33.1,23.3
2016-10-13,1000.28,-4.3,26.1,,29.2,24.5,17.2
2016-10-14,1039.71,-4.3,23.4,21.8,29.7,21.4,20.3
2016-10-15,923.7700000000001,-4.3,24.1,23.0,25.0,17.2,26.3
2016-10-16,869.23,-4.3,25.4,23.2,27.5,19.4,28.9
2016-10-17,651.67,-4.3,28.3,17.8,28.9,19.8,19.3
2016-10-18,406.70000000000005,-4.3,25.7,17.0,30.4,21.6,26.6
2016-10-19,438.2100000000001,-4.3,29.4,16.9,31.0,19.8,23.4
2016-10-20,314.36,-4.3,27.0,20.6,30.9,19.1,23.2
2016-10-21,290.59999999999997,-4.3,26.8,18.4,30.3,22.0,27.1
2016-10-22,307.35,-4.3,27.6,13.4,30.6,28.5,17.6
2016-10-23,432.01,-4.3,21.6,13.5,31.2,29.5,16.9
2016-10-24,326.05000000000007,-4.3,25.3,18.6,28.1,22.0,18.7
2016-10-25,332.16999999999996,-4.3,27.5,23.5,30.5,21.4,25.4
2016-10-26,353.90000000000003,-4.3,28.0,19.0,31.5,22.3,28.3
2016-10-27,398.03000000000003,-4.3,29.2,16.6,31.3,21.9,22.2
2016-10-28,478.9599999999999,-4.3,28.6,18.9,32.7,22.4,20.1
2016-10-29,370.59,-4.3,28.2,24.6,31.7,20.0,25.5
2016-10-30,329.69000000000005,-4.3,27.7,26.3,31.4,21.2,26.8
2016-10-31,542.45,-4.3,28.3,16.6,30.4,22.5,21.5
2016-11-10,495.70000000000005,-0.7,32.5,18.7,31.7,21.8,25.0
2016-11-11,618.1500000000001,-0.7,31.8,23.9,32.5,21.2,24.1
2016-11-12,458.75,-0.7,31.6,24.4,33.1,22.5,34.7
2016-11-13,719.72,-0.7,36.0,18.3,33.0,31.1,30.8
2016-11-14,1227.9700000000003,-0.7,30.1,16.8,33.1,36.9,22.8
2016-11-15,1162.35,-0.7,27.4,19.6,35.1,35.8,21.5
2016-11-16,1979.48,-0.7,28.1,22.0,32.7,21.6,23.8
2016-11-17,2375.4700000000003,-0.7,28.3,29.5,32.5,21.8,25.3
2016-11-18,1727.6799999999998,-0.7,27.3,21.1,31.5,30.3,35.1
2016-11-19,907.51,-0.7,28.1,23.2,32.0,25.6,22.9
2016-11-20,542.96,-0.7,28.6,33.2,31.4,23.5,26.7
2016-11-21,716.5799999999999,-0.7,29.7,34.7,31.1,21.8,30.8
2016-11-22,546.46,-0.7,28.8,14.4,32.0,28.2,33.1
2016-11-23,635.86,-0.7,31.2,15.9,32.2,33.0,29.2
2016-11-24,490.9100000000001,-0.7,35.1,17.9,31.4,33.9,22.2
2016-11-25,893.0,-0.7,29.0,18.0,31.3,35.4,23.7
2016-11-26,656.26,-0.7,27.0,17.9,33.1,38.2,26.3
2016-11-27,292.66999999999996,-0.7,29.7,17.2,32.8,31.0,24.4
2016-11-28,541.61,-0.7,29.9,21.4,33.6,29.5,28.8
2016-11-29,475.94000000000005,-0.7,30.7,23.3,33.9,25.9,23.8
2016-11-30,619.46,-0.7,31.3,19.8,31.3,26.6,26.2
2016-12-10,237.74,2.6,27.7,19.3,34.0,37.6,24.0
2016-12-11,655.58,2.6,27.2,21.9,33.1,28.6,27.1
2016-12-12,468.2800000000001,2.6,28.1,32.3,29.8,24.6,29.0
2016-12-13,168.07999999999998,2.6,28.8,35.4,29.6,24.8,39.2
2016-12-14,198.22000000000003,2.6,29.5,19.3,30.2,30.1,37.5
2016-12-15,162.23,2.6,30.6,21.4,32.4,33.7,18.9
2016-12-16,203.96,2.6,30.0,25.9,32.3,30.8,26.0
2016-12-17,165.31,2.6,31.0,21.1,31.9,30.0,34.5
2016-12-18,155.21999999999997,2.6,32.3,19.4,31.4,24.2,21.9
2016-12-19,193.86,2.6,27.8,28.6,33.2,27.3,24.9
2016-12-20,81.28999999999998,2.6,29.6,22.3,33.5,34.3,29.6
2016-12-21,211.69000000000003,2.6,34.1,21.1,33.0,42.4,25.4
2016-12-22,44.29,2.6,31.5,24.1,33.0,27.1,25.0
2016-12-23,156.85999999999996,2.6,27.7,33.7,31.9,32.6,26.4
2016-12-24,37.0,2.6,29.2,35.0,31.6,29.9,28.1
2016-12-25,24.700000000000003,2.6,27.5,36.2,31.1,32.7,29.4
2016-12-26,9.09,2.6,29.3,29.8,34.7,32.7,30.9
2016-12-27,131.45,2.6,28.9,29.0,33.6,22.5,26.8
2016-12-28,80.16999999999996,2.6,29.8,36.1,33.7,22.9,30.5
2016-12-29,125.95999999999998,2.6,30.8,33.6,34.2,24.2,38.2
2016-12-30,109.2,2.6,32.4,28.9,33.1,23.2,35.6
2016-12-31,58.660000000000004,2.6,33.9,25.4,32.4,27.4,26.3
2017-10-10,453.5899999999999,9.1,33.1,19.1,30.7,20.4,22.8
2017-10-11,390.07000000000005,9.1,28.8,23.9,31.2,19.2,25.3
2017-10-12,397.83000000000004,9.1,25.4,18.4,30.9,23.8,29.1
2017-10-13,468.47,9.1,29.9,16.7,31.8,31.0,25.5
2017-10-14,453.87000000000006,9.1,27.0,18.0,31.1,27.2,20.9
2017-10-15,458.0400000000001,9.1,22.6,21.9,31.7,24.6,22.4
2017-10-16,2849.5299999999997,9.1,22.6,28.0,28.4,20.2,24.9
2017-10-17,958.9399999999999,9.1,22.8,29.6,25.5,20.6,25.4
2017-10-18,969.6200000000001,9.1,23.9,30.1,29.9,19.5,26.0
2017-10-19,781.31,9.1,24.6,25.3,27.2,24.7,27.6
2017-10-20,635.6099999999999,9.1,26.4,16.7,27.1,29.9,19.2
2017-10-21,697.6,9.1,20.4,15.4,27.7,30.3,18.4
2017-10-22,390.43000000000006,9.1,,18.1,26.6,28.4,21.7
2017-10-23,821.95,9.1,22.7,20.9,29.4,23.8,21.3
2017-10-24,1419.55,9.1,25.6,23.5,30.6,22.5,26.9
2017-10-25,2238.74,9.1,27.3,19.3,29.7,23.0,31.0
2017-10-26,1377.84,9.1,30.6,17.0,28.8,21.2,21.6
2017-10-27,1762.1,9.1,30.3,26.6,27.7,19.5,23.1
2017-10-28,1236.3600000000001,9.1,28.9,20.6,29.5,21.2,28.2
2017-10-29,1537.79,9.1,30.5,26.9,29.8,20.2,32.7
2017-10-30,2483.5899999999997,9.1,30.6,,29.9,27.1,37.3
2017-10-31,2583.09,9.1,29.7,,30.0,28.1,18.8
2017-11-10,1891.28,11.8,24.5,27.4,28.8,31.8,23.7
2017-11-11,1761.61,11.8,25.6,28.9,29.1,36.9,23.8
2017-11-12,1530.99,11.8,25.8,28.0,29.8,29.9,23.3
2017-11-13,589.11,11.8,26.1,32.1,28.7,27.2,22.8
2017-11-14,390.13,11.8,26.5,32.6,29.7,29.5,23.6
2017-11-15,1043.54,11.8,26.8,31.7,30.9,32.1,26.7
2017-11-16,681.26,11.8,28.0,21.8,30.8,35.7,26.2
2017-11-17,843.1300000000001,11.8,27.0,25.8,31.1,24.9,26.4
2017-11-18,1055.26,11.8,24.1,28.6,31.0,24.1,23.3
2017-11-19,1179.75,11.8,24.0,29.0,30.0,23.4,24.7
2017-11-20,970.26,11.8,26.5,31.1,28.7,24.5,22.9
2017-11-21,863.02,11.8,25.9,33.1,29.6,25.6,23.9
2017-11-22,575.48,11.8,25.5,33.0,28.6,29.7,24.6
2017-11-23,489.25,11.8,26.5,33.2,30.2,31.3,27.2
2017-11-24,612.56,11.8,28.8,31.2,31.4,32.6,28.9
2017-11-25,682.52,11.8,28.7,33.2,31.7,29.9,27.9
2017-11-26,953.5,11.8,29.5,28.5,32.0,33.0,28.3
2017-11-27,1882.79,11.8,29.0,23.4,30.6,27.7,27.1
2017-11-28,6774.79,11.8,29.2,31.5,30.9,23.4,26.7
2017-11-29,2854.8499999999995,11.8,26.7,35.4,32.3,23.0,27.4
2017-11-30,2238.32,11.8,27.5,35.2,33.1,23.7,29.4
2017-12-10,1637.5,-1.4,28.9,23.4,33.5,37.7,26.9
2017-12-11,1229.6999999999998,-1.4,29.4,22.5,32.8,37.6,29.1
2017-12-12,829.22,-1.4,29.4,27.8,32.8,27.6,29.0
2017-12-13,1043.6,-1.4,28.9,36.6,32.8,25.3,30.6
2017-12-14,1065.33,-1.4,29.9,23.7,33.5,27.6,36.1
2017-12-15,1339.8000000000002,-1.4,30.3,27.8,33.4,29.5,24.8
2017-12-16,1351.9100000000003,-1.4,30.6,25.9,34.2,27.8,31.8
2017-12-17,1314.18,-1.4,30.3,27.6,33.5,21.9,26.5
2017-12-18,1109.78,-1.4,29.2,33.6,33.4,20.9,30.3
2017-12-19,1848.75,-1.4,31.1,35.9,33.7,23.4,34.2
2017-12-20,1625.21,-1.4,31.7,23.9,32.7,28.9,39.9
2017-12-21,1082.52,-1.4,32.9,24.4,33.9,36.1,25.2
2017-12-22,1444.08,-1.4,,28.9,34.0,31.7,28.1
2017-12-23,911.08,-1.4,31.7,29.4,33.6,30.5,31.7
2017-12-24,606.3399999999999,-1.4,33.0,21.0,33.5,33.7,41.6
2017-12-25,682.1699999999998,-1.4,36.2,22.9,33.3,32.5,22.4
2017-12-26,692.03,-1.4,29.7,29.8,33.0,26.4,24.4
2017-12-27,452.4,-1.4,29.6,33.4,32.6,25.2,27.7
2017-12-28,316.38,-1.4,29.4,31.5,34.2,25.8,29.3
2017-12-29,286.65,-1.4,30.4,26.4,34.3,28.3,33.0
2017-12-30,367.08000000000004,-1.4,32.2,21.3,33.9,34.7,35.7
2017-12-31,291.39,-1.4,33.6,26.0,33.1,32.0,27.1
2018-10-10,1678.97,3.0,28.5,15.7,29.3,27.6,17.4
2018-10-11,4777.76,3.0,25.5,20.2,29.4,24.1,17.7
2018-10-12,3302.1499999999996,3.0,,22.3,30.7,20.3,19.1
2018-10-13,2566.13,3.0,19.7,24.8,30.0,21.0,21.3
2018-10-14,3046.2400000000002,3.0,20.8,26.1,28.7,18.7,21.7
2018-10-15,2657.9700000000003,3.0,23.4,26.5,29.9,21.4,22.6
2018-10-16,2690.5699999999997,3.0,25.9,22.1,30.0,27.0,24.7
2018-10-17,2130.88,3.0,25.3,22.1,29.7,29.7,25.1
2018-10-18,4899.8,3.0,25.2,19.4,30.6,18.5,25.5
2018-10-19,1492.49,3.0,25.9,26.9,32.7,20.0,28.7
2018-10-20,1430.5900000000001,3.0,27.6,15.4,32.6,19.8,29.4
2018-10-21,1905.3899999999999,3.0,28.2,18.8,30.5,21.6,18.9
2018-10-22,855.6400000000001,3.0,28.0,25.7,30.3,20.0,23.8
2018-10-23,896.84,3.0,28.9,19.0,30.7,21.5,27.9
2018-10-24,1305.96,3.0,32.5,17.0,31.4,20.7,18.6
2018-10-25,1139.24,3.0,27.9,21.3,33.3,25.5,23.2
2018-10-26,1835.92,3.0,,19.2,33.1,28.7,21.3
2018-10-27,2488.87,3.0,28.6,18.9,30.6,26.1,25.4
2018-10-28,2156.56,3.0,30.3,18.2,30.9,28.1,18.8
2018-10-29,1688.25,3.0,,19.9,32.2,24.5,21.9
2018-10-30,1543.4100000000003,3.0,,26.7,33.0,25.3,26.7
2018-10-31,1130.48,3.0,27.0,21.7,32.9,25.7,25.1
2018-11-10,1681.5700000000002,-0.1,27.1,20.6,32.4,25.8,22.9
2018-11-11,1776.34,-0.1,27.7,22.3,32.2,23.4,24.2
2018-11-12,2042.06,-0.1,27.8,28.9,33.1,24.2,24.5
2018-11-13,1263.2000000000003,-0.1,27.1,29.3,32.5,26.0,26.8
2018-11-14,1227.52,-0.1,28.3,16.4,32.6,31.5,24.3
2018-11-15,1570.0400000000002,-0.1,29.6,18.2,33.3,32.3,21.9
2018-11-16,1153.96,-0.1,29.6,19.9,33.1,35.9,21.0
2018-11-17,865.33,-0.1,29.6,20.5,32.5,24.5,22.2
2018-11-18,821.4200000000001,-0.1,26.2,26.8,33.0,24.1,23.2
2018-11-19,1471.67,-0.1,27.0,29.7,33.2,21.2,23.4
2018-11-20,1175.35,-0.1,28.3,26.6,31.8,21.1,27.0
2018-11-21,975.01,-0.1,31.7,21.9,31.6,26.3,30.1
2018-11-22,1177.87,-0.1,31.1,16.6,32.2,29.6,26.3
2018-11-23,825.46,-0.1,30.2,13.7,32.3,24.2,25.0
2018-11-24,1102.3799999999999,-0.1,30.6,17.0,33.6,23.4,23.8
2018-11-25,1753.23,-0.1,33.5,19.5,36.4,22.9,24.4
2018-11-26,2447.4000000000005,-0.1,34.8,20.8,42.6,23.2,22.2
2018-11-27,912.6000000000001,-0.1,29.9,23.2,42.1,26.8,25.8
2018-11-28,2440.7299999999996,-0.1,37.9,22.5,40.5,25.8,20.7
2018-11-29,2061.64,-0.1,34.5,21.4,38.8,25.0,21.2
2018-11-30,2513.62,-0.1,29.8,21.9,37.9,22.5,24.4
2018-12-10,1301.0800000000002,9.3,29.9,22.4,29.6,28.8,28.1
2018-12-11,1050.86,9.3,30.3,27.4,31.3,23.4,22.4
2018-12-12,918.5999999999999,9.3,29.4,32.2,32.1,26.8,25.3
2018-12-13,810.72,9.3,30.2,20.3,31.9,33.4,28.7
2018-12-14,364.03,9.3,31.3,23.6,30.0,39.1,26.1
2018-12-15,621.04,9.3,31.0,25.3,30.1,29.1,29.6
2018-12-16,188.25,9.3,25.9,23.3,35.7,29.7,30.3
2018-12-17,268.77000000000004,9.3,28.8,22.7,37.2,26.8,30.6
2018-12-18,348.96000000000004,9.3,29.8,23.4,38.1,25.4,25.0
2018-12-19,330.16999999999996,9.3,30.9,28.0,32.5,27.9,24.6
2018-12-20,316.41999999999996,9.3,32.5,22.4,33.9,33.3,31.6
2018-12-21,261.24,9.3,34.9,23.5,33.6,37.2,23.3
2018-12-22,480.71000000000004,9.3,35.7,20.1,32.8,41.2,21.1
2018-12-23,355.39,9.3,28.6,26.8,32.7,34.7,23.4
2018-12-24,626.75,9.3,27.9,33.7,27.6,32.7,26.8
2018-12-25,898.87,9.3,28.3,29.3,29.9,33.5,30.1
2018-12-26,553.4900000000001,9.3,28.7,28.6,27.2,28.2,31.8
2018-12-27,760.39,9.3,29.5,39.8,28.8,26.7,32.4
2018-12-28,839.8500000000001,9.3,29.7,,30.3,25.4,33.9
2018-12-29,739.23,9.3,30.5,24.1,29.2,27.6,33.6
2018-12-30,830.8299999999999,9.3,30.6,22.3,28.9,28.9,34.5
2018-12-31,991.6500000000001,9.3,31.4,27.9,30.0,31.6,32.9
2019-10-10,774.98,-5.6,24.5,13.0,,23.9,18.9
2019-10-11,805.65,-5.6,23.7,18.3,28.9,21.1,19.0
2019-10-12,842.25,-5.6,21.3,19.6,28.9,21.2,19.2
2019-10-13,940.54,-5.6,25.3,21.1,29.4,20.9,19.9
2019-10-14,1005.9699999999999,-5.6,25.9,25.8,29.3,20.8,23.6
2019-10-15,708.48,-5.6,27.2,18.5,28.9,19.5,26.1
2019-10-16,671.0699999999999,-5.6,28.6,18.2,28.4,21.2,25.8
2019-10-17,931.95,-5.6,30.6,15.0,29.2,22.1,29.7
2019-10-18,1143.2800000000002,-5.6,27.2,20.5,29.5,25.4,25.0
2019-10-19,1398.29,-5.6,26.3,15.7,29.7,32.3,30.0
2019-10-20,1698.98,-5.6,28.4,15.9,29.4,23.9,21.5
2019-10-21,1979.06,-5.6,25.0,17.6,31.7,23.9,23.8
2019-10-22,1429.15,-5.6,25.0,22.3,29.5,25.6,25.1
2019-10-23,1080.9,-5.6,26.6,28.3,29.8,23.5,26.5
2019-10-24,843.9000000000001,-5.6,27.2,32.3,29.8,20.4,28.1
2019-10-25,689.02,-5.6,27.5,20.3,30.1,23.4,38.2
2019-10-26,810.51,-5.6,27.6,15.5,30.8,28.9,32.5
2019-10-27,802.27,-5.6,29.6,16.7,30.8,36.5,22.5
2019-10-28,799.89,-5.6,27.4,21.9,30.6,22.7,22.3
2019-10-29,523.9700000000001,-5.6,26.2,29.1,30.4,26.8,26.8
2019-10-30,754.0,-5.6,24.7,29.0,29.7,22.0,29.2
2019-10-31,833.5900000000001,-5.6,26.7,32.1,29.5,17.9,28.0
2019-11-10,2244.4300000000003,-9.3,33.3,18.5,34.6,24.0,23.9
2019-11-11,1024.16,-9.3,27.7,28.4,,29.7,27.8
2019-11-12,2981.24,-9.3,30.8,16.3,31.3,30.3,37.9
2019-11-13,1771.8000000000002,-9.3,33.8,16.3,29.7,35.7,22.2
2019-11-14,1316.21,-9.3,29.8,21.6,30.7,37.7,26.1
2019-11-15,2751.75,-9.3,31.6,17.9,30.8,38.4,33.8
2019-11-16,1578.1399999999999,-9.3,34.7,17.4,32.0,40.4,22.9
2019-11-17,1828.8600000000001,-9.3,30.5,17.0,31.0,28.6,22.3
2019-11-18,1705.1200000000001,-9.3,28.2,26.4,31.5,32.0,27.2
2019-11-19,2293.52,-9.3,31.9,20.5,33.1,25.4,34.9
2019-11-20,1401.73,-9.3,32.0,32.4,31.3,20.8,23.9
2019-11-21,1601.99,-9.3,29.3,39.4,32.3,23.8,29.4
2019-11-22,1236.89,-9.3,30.3,20.2,32.6,26.2,22.0
2019-11-23,959.49,-9.3,30.0,23.8,33.1,30.2,22.3
2019-11-24,1115.22,-9.3,29.9,23.8,33.2,28.1,23.4
2019-11-25,1018.0900000000001,-9.3,30.5,28.0,30.7,29.0,32.1
2019-11-26,1056.63,-9.3,30.6,16.4,32.2,34.4,37.2
2019-11-27,661.72,-9.3,31.7,25.1,31.1,34.2,23.0
2019-11-28,526.43,-9.3,28.9,23.7,33.1,29.4,27.8
2019-11-29,832.5600000000001,-9.3,31.3,22.7,32.8,27.8,29.5
2019-11-30,444.46000000000004,-9.3,32.1,19.3,31.7,29.6,22.7
2019-12-10,1399.13,-5.5,33.5,19.0,31.6,36.3,35.0
2019-12-11,1010.75,-5.5,34.4,20.6,33.0,37.6,22.5
2019-12-12,620.84,-5.5,31.3,19.1,32.6,39.0,23.4
2019-12-13,1015.74,-5.5,30.6,19.8,32.4,40.1,23.5
2019-12-14,2403.0800000000004,-5.5,30.7,19.2,32.1,41.0,27.6
2019-12-15,3143.13,-5.5,31.9,21.7,32.4,40.9,29.1
2019-12-16,3198.3900000000003,-5.5,41.2,22.6,32.1,38.5,22.9
2019-12-17,1988.4899999999998,-5.5,29.1,30.7,32.2,34.3,24.8
2019-12-18,3761.42,-5.5,28.9,39.9,34.3,,28.5
2019-12-19,4631.98,-5.5,29.6,26.8,31.0,25.1,42.4
2019-12-20,4745.1900000000005,-5.5,30.3,41.8,30.6,25.8,26.6
2019-12-21,3531.13,-5.5,31.2,22.1,31.7,34.5,32.5
2019-12-22,1428.02,-5.5,30.1,,32.6,28.4,21.7
2019-12-23,1181.53,-5.5,30.8,25.0,33.2,31.0,26.5
2019-12-24,1469.5900000000001,-5.5,30.4,26.8,33.4,32.5,28.0
2019-12-25,1767.3,-5.5,26.6,31.4,32.1,35.7,27.9
2019-12-26,1957.27,-5.5,29.2,24.4,30.3,28.5,30.2
2019-12-27,2246.54,-5.5,27.5,31.8,32.0,27.3,29.9
2019-12-28,2259.82,-5.5,28.9,34.4,32.3,27.4,30.7
2019-12-29,5554.15,-5.5,29.2,41.0,31.0,25.8,29.5
2019-12-30,8319.939999999999,-5.5,30.1,41.0,31.2,24.9,31.0
2019-12-31,3511.5699999999997,-5.5,29.4,23.6,33.0,29.6,40.3
2020-10-10,393.21999999999997,4.2,28.2,19.8,30.8,22.6,25.3
2020-10-11,181.94000000000005,4.2,27.1,17.4,31.0,24.9,28.3
2020-10-12,195.80000000000007,4.2,26.1,23.3,29.5,28.2,24.9
2020-10-13,253.26000000000002,4.2,27.2,17.1,31.8,30.2,30.3
2020-10-14,114.10000000000001,4.2,24.7,24.6,30.1,23.2,22.2
2020-10-15,191.07,4.2,26.9,23.2,30.5,22.5,26.6
2020-10-16,140.89999999999998,4.2,29.0,19.9,29.9,24.6,20.6
2020-10-17,208.74,4.2,28.1,18.3,30.9,27.2,25.8
2020-10-18,276.56,4.2,29.2,15.1,30.6,30.0,25.4
2020-10-19,306.15999999999997,4.2,29.9,15.8,31.0,28.6,20.5
2020-10-20,461.05,4.2,27.5,18.6,29.9,25.4,21.7
2020-10-21,343.15,4.2,27.4,18.9,31.2,25.3,24.1
2020-10-22,334.34000000000003,4.2,25.6,21.1,30.4,23.2,24.2
2020-10-23,83.46999999999998,4.2,27.9,22.1,31.1,25.9,28.0
2020-10-24,177.63,4.2,26.8,15.2,32.7,30.0,26.8
2020-10-25,140.47,4.2,29.0,13.8,31.1,34.9,16.6
2020-10-26,127.36999999999996,4.2,30.1,17.7,30.6,26.5,16.9
2020-10-27,90.99999999999999,4.2,25.1,19.5,34.0,24.5,18.8
2020-10-28,261.09,4.2,27.4,22.3,32.9,25.1,19.1
2020-10-29,366.18000000000006,4.2,28.5,24.3,,31.6,20.3
2020-10-30,381.2800000000001,4.2,30.0,22.5,31.7,36.6,22.3
2020-10-31,496.24,4.2,30.5,18.3,32.3,25.3,21.2
2020-11-10,642.08,9.2,26.3,30.2,32.7,19.0,23.9
2020-11-11,492.59000000000003,9.2,26.7,27.7,31.6,20.8,26.0
2020-11-12,349.45,9.2,27.5,24.6,31.7,22.7,32.8
2020-11-13,294.03000000000003,9.2,27.4,21.8,31.2,22.9,31.7
2020-11-14,436.0200000000001,9.2,31.1,21.4,31.4,21.6,25.7
2020-11-15,687.3299999999999,9.2,31.0,31.2,31.7,22.1,28.3
2020-11-16,1450.1,9.2,31.4,23.9,33.7,24.3,39.7
2020-11-17,1159.2600000000002,9.2,31.5,21.6,33.0,23.5,23.5
2020-11-18,711.21,9.2,28.4,28.2,33.8,25.2,24.9
2020-11-19,688.21,9.2,28.0,33.2,32.8,25.7,26.5
2020-11-20,711.6,9.2,28.7,23.6,32.4,26.3,31.3
2020-11-21,661.49,9.2,29.9,30.4,31.5,25.2,24.2
2020-11-22,456.64,9.2,30.1,29.0,32.1,28.2,27.8
2020-11-23,838.22,9.2,31.8,19.0,32.7,35.1,27.4
2020-11-24,454.73,9.2,32.2,20.8,30.7,33.7,23.5
2020-11-25,309.96,9.2,27.0,30.0,30.6,28.9,24.9
2020-11-26,309.12000000000006,9.2,29.6,21.3,32.9,24.1,33.6
2020-11-27,241.76000000000005,9.2,29.1,34.4,29.5,23.5,29.8
2020-11-28,175.01999999999998,9.2,30.0,23.0,31.8,23.5,43.0
2020-11-29,339.68,9.2,31.6,19.1,30.9,23.6,42.6
2020-11-30,361.69000000000005,9.2,31.6,28.9,32.2,19.4,24.1
2020-12-10,50.41,16.9,29.8,18.8,32.3,36.3,26.5
2020-12-11,224.86,16.9,26.1,23.9,33.4,33.1,22.2
2020-12-12,116.41,16.9,25.2,28.9,32.5,32.7,25.1
2020-12-13,97.16,16.9,22.7,29.8,33.6,23.1,26.3
2020-12-14,60.91,16.9,26.8,33.0,31.9,23.5,25.0
2020-12-15,32.57,16.9,29.8,34.4,34.3,29.0,26.4
2020-12-16,34.86000000000001,16.9,29.9,24.2,32.9,29.3,28.5
2020-12-17,48.709999999999994,16.9,28.5,29.4,33.0,30.3,31.9
2020-12-18,108.09999999999998,16.9,30.9,18.8,32.7,31.2,34.0
2020-12-19,26.880000000000003,16.9,30.5,21.3,35.3,34.3,20.2
2020-12-20,65.29,16.9,30.6,21.8,35.2,31.1,24.2
2020-12-21,58.03999999999999,16.9,30.7,23.7,33.3,32.9,23.8
2020-12-22,51.92999999999999,16.9,32.5,20.6,33.5,36.1,29.2
2020-12-23,27.060000000000002,16.9,32.3,20.6,33.9,40.2,23.8
2020-12-24,7.75,16.9,28.2,20.0,34.0,41.1,28.1
2020-12-26,4.0,16.9,28.1,29.2,31.9,29.6,26.0
2020-12-27,47.86000000000001,16.9,29.3,30.6,32.9,29.7,30.3
2020-12-28,17.6,16.9,30.3,19.5,32.7,34.1,25.2
2020-12-29,17.95,16.9,30.5,22.6,31.6,39.0,20.8
2020-12-30,12.75,16.9,26.2,25.0,31.8,33.6,24.9
2020-12-31,9.58,16.9,29.6,22.3,31.4,30.8,24.0
2021-10-10,278.80999999999995,6.7,28.1,15.7,31.8,22.2,26.6
2021-10-11,165.01000000000002,6.7,28.3,14.2,30.9,20.4,16.0
2021-10-12,379.48,6.7,22.4,20.4,30.7,17.8,18.4
2021-10-13,234.46000000000006,6.7,24.9,19.2,30.6,20.9,19.1
2021-10-14,322.53000000000003,6.7,26.2,19.3,31.1,24.5,24.0
2021-10-15,445.1,6.7,30.1,16.9,31.0,33.2,22.9
2021-10-16,744.2399999999999,6.7,27.7,14.6,34.2,22.1,22.7
2021-10-17,1201.12,6.7,27.6,17.7,32.9,22.3,21.5
2021-10-18,1243.65,6.7,26.1,17.2,31.8,24.3,27.0
2021-10-19,1474.49,6.7,28.4,16.6,31.1,20.8,23.3
2021-10-20,1497.89,6.7,27.3,23.2,32.7,20.4,21.8
2021-10-21,1896.1799999999998,6.7,26.7,24.5,32.6,20.4,23.5
2021-10-22,1712.8000000000002,6.7,26.9,26.3,31.9,22.2,23.3
2021-10-23,1900.3899999999999,6.7,29.8,15.5,32.1,25.9,27.7
2021-10-24,1497.06,6.7,33.3,15.6,31.4,28.6,21.7
2021-10-25,938.3500000000001,6.7,27.5,15.8,,17.6,22.0
2021-10-26,1033.24,6.7,27.1,20.8,33.2,17.9,21.1
2021-10-27,1045.48,6.7,28.3,25.6,33.2,18.1,24.1
2021-10-28,1327.18,6.7,30.1,27.4,31.9,20.0,30.3
2021-10-29,755.4599999999999,6.7,29.5,15.2,31.8,21.1,34.3
2021-10-30,828.72,6.7,33.0,16.0,32.4,24.9,19.3
2021-10-31,854.62,6.7,23.6,20.5,33.7,23.9,21.3
2021-11-10,384.90000000000003,12.5,29.5,15.3,33.1,21.4,22.1
2021-11-11,536.5,12.5,31.4,17.5,32.9,24.8,18.8
2021-11-12,551.29,12.5,29.5,13.2,33.5,27.4,19.1
2021-11-13,790.7800000000001,12.5,27.4,14.6,34.3,30.1,22.4
2021-11-14,586.88,12.5,28.3,14.7,32.9,32.2,23.6
2021-11-15,558.02,12.5,30.5,13.4,33.7,25.6,23.3
2021-11-16,559.05,12.5,29.4,15.1,33.7,24.4,19.6
2021-11-17,732.74,12.5,26.2,19.6,33.0,26.2,21.4
2021-11-18,1298.5100000000002,12.5,25.9,25.6,32.8,20.5,25.1
2021-11-19,597.48,12.5,27.8,18.6,32.3,23.0,29.7
2021-11-20,729.64,12.5,30.1,18.2,32.7,30.0,19.6
2021-11-21,407.81,12.5,27.5,19.1,31.1,32.1,18.6
2021-11-22,570.19,12.5,25.9,24.4,31.0,22.0,20.3
2021-11-23,508.01,12.5,26.8,24.4,32.5,24.5,22.1
2021-11-24,619.4399999999999,12.5,27.5,27.6,32.4,28.4,26.8
2021-11-25,834.72,12.5,26.1,16.0,32.1,33.1,25.4
2021-11-26,664.7,12.5,28.6,19.5,32.5,35.3,18.7
2021-11-27,526.56,12.5,27.7,20.4,32.4,37.4,18.5
2021-11-28,327.47,12.5,28.1,23.9,32.0,32.8,19.1
2021-11-29,533.22,12.5,27.0,28.7,32.4,25.2,21.7
2021-11-30,560.84,12.5,23.0,31.2,32.0,23.1,23.6
2021-12-10,866.04,13.8,31.5,20.4,31.7,25.0,22.1
2021-12-11,596.94,13.8,30.1,22.0,32.3,25.2,20.2
2021-12-12,852.12,13.8,28.1,28.2,33.3,25.3,20.8
2021-12-13,718.9200000000001,13.8,27.9,32.7,33.9,27.0,22.1
2021-12-14,412.62,13.8,31.1,25.4,34.3,24.3,24.3
2021-12-15,345.78,13.8,30.5,17.1,33.7,28.3,29.9
2021-12-16,416.67999999999995,13.8,31.1,21.9,33.7,24.2,24.7
2021-12-17,546.4200000000001,13.8,29.8,29.9,33.6,22.7,26.2
2021-12-18,569.2199999999998,13.8,29.7,33.8,34.5,24.5,31.9
2021-12-19,365.23999999999995,13.8,29.7,20.0,33.2,26.1,35.8
2021-12-20,623.5899999999999,13.8,33.3,28.1,34.5,31.8,29.2
2021-12-21,434.14,13.8,32.5,27.0,32.9,29.9,29.2
2021-12-22,742.0,13.8,31.5,21.3,33.5,31.0,26.6
2021-12-23,681.3800000000001,13.8,31.1,22.5,33.2,34.9,27.4
2021-12-24,399.25,13.8,31.6,29.4,33.7,38.6,26.4
2021-12-25,369.27,13.8,30.0,24.1,33.7,42.8,30.3
2021-12-26,200.07000000000002,13.8,28.4,19.0,34.3,43.5,24.5
2021-12-27,282.05000000000007,13.8,28.9,22.6,31.7,41.0,21.7
2021-12-28,260.78,13.8,25.7,26.4,29.3,40.7,21.3
2021-12-29,158.51999999999998,13.8,26.9,27.5,26.7,38.6,23.9
2021-12-30,105.4,13.8,27.7,35.0,31.0,33.1,26.8
2021-12-31,124.62,13.8,25.6,37.9,32.3,32.1,29.4
2022-10-10,301.49,17.7,21.9,18.5,31.9,18.5,17.6
2022-10-11,198.69000000000005,17.7,23.6,21.0,32.9,19.4,20.6
2022-10-12,179.56000000000006,17.7,24.2,17.5,31.0,19.4,20.7
2022-10-13,135.17000000000002,17.7,25.9,17.1,30.7,20.0,22.3
2022-10-14,100.18999999999997,17.7,26.1,18.1,31.1,21.1,25.8
2022-10-15,175.76,17.7,26.2,17.5,32.1,22.7,22.0
2022-10-16,324.8,17.7,25.1,16.7,32.3,21.0,22.5
2022-10-17,199.54000000000002,17.7,24.6,17.2,31.8,21.4,20.5
2022-10-18,256.88,17.7,25.8,20.6,32.5,25.4,20.7
2022-10-19,121.69,17.7,23.2,22.6,32.6,32.0,24.5
2022-10-20,143.37000000000003,17.7,24.4,,32.0,23.8,24.3
2022-10-21,459.5200000000001,17.7,24.3,25.6,29.5,21.6,23.9
2022-10-22,509.89,17.7,22.1,20.3,32.2,23.4,25.3
2022-10-23,419.59000000000003,17.7,25.1,20.1,31.0,21.2,21.1
2022-10-24,716.56,17.7,31.3,21.1,31.6,21.7,21.3
2022-10-25,593.86,17.7,29.4,24.3,32.0,21.5,27.2
2022-10-26,901.25,17.7,32.4,19.4,33.4,22.7,29.6
2022-10-27,696.56,17.7,34.3,17.6,31.8,23.7,28.5
2022-10-28,518.8000000000001,17.7,31.6,13.8,31.5,26.5,25.7
2022-10-29,864.7600000000001,17.7,30.7,16.6,32.5,17.9,27.2
2022-10-30,603.8199999999999,17.7,30.1,20.7,32.1,18.0,24.1
2022-10-31,1118.0,17.7,28.1,21.8,32.3,20.4,29.7
2022-11-10,515.77,4.6,25.7,26.9,32.3,22.3,24.4
2022-11-11,377.6,4.6,26.2,21.8,32.6,20.2,25.6
2022-11-12,632.62,4.6,28.4,20.4,32.6,20.3,24.9
2022-11-13,671.51,4.6,27.7,24.5,31.6,22.7,27.0
2022-11-14,579.9,4.6,28.8,15.9,31.8,25.8,28.9
2022-11-15,383.65,4.6,33.3,13.5,31.9,29.3,22.9
2022-11-16,332.11,4.6,30.1,14.7,31.9,29.5,20.1
2022-11-17,394.67,4.6,24.8,15.4,33.0,20.4,18.2
2022-11-18,348.16999999999996,4.6,27.0,23.9,32.9,16.9,19.9
2022-11-19,241.73000000000002,4.6,28.3,20.9,33.2,20.3,25.5
2022-11-20,90.59,4.6,34.5,19.6,32.7,23.5,27.7
2022-11-21,123.36,4.6,34.3,13.5,33.3,29.0,24.5
2022-11-22,231.82999999999998,4.6,30.7,17.8,36.5,34.8,23.5
2022-11-23,207.54000000000002,4.6,27.6,17.3,33.8,24.8,28.6
2022-11-24,208.90999999999997,4.6,28.6,18.5,34.7,24.5,24.7
2022-11-25,75.65,4.6,32.4,19.9,32.5,24.0,25.1
2022-11-26,159.84,4.6,33.9,26.8,32.8,25.3,22.8
2022-11-27,48.709999999999994,4.6,29.4,20.7,33.1,25.9,28.2
2022-11-28,74.89999999999998,4.6,31.0,17.8,33.1,30.1,23.3
2022-11-29,52.690000000000005,4.6,28.5,19.5,33.5,37.4,24.0
2022-11-30,152.76,4.6,22.6,20.0,32.6,30.0,21.8
2022-12-10,453.5299999999999,20.0,26.1,25.9,32.0,25.4,22.3
2022-12-11,287.03,20.0,27.6,28.3,33.1,27.8,31.2
2022-12-12,567.62,20.0,29.6,17.4,33.6,29.5,32.4
2022-12-13,717.9100000000001,20.0,30.9,16.8,33.0,22.9,27.8
2022-12-14,381.19,20.0,32.8,16.4,33.3,30.7,24.8
2022-12-15,387.8499999999999,20.0,29.2,18.2,34.0,31.1,21.0
2022-12-16,250.78,20.0,27.3,19.5,33.5,30.6,18.8
2022-12-17,254.49000000000004,20.0,26.5,21.3,31.3,31.0,19.1
2022-12-18,45.13,20.0,27.1,22.2,31.4,33.1,18.8
2022-12-19,68.86999999999999,20.0,26.4,25.3,31.5,36.3,19.1
2022-12-20,160.05,20.0,27.1,26.0,28.0,37.0,20.9
2022-12-21,92.37000000000002,20.0,27.4,28.9,29.5,34.1,22.2
2022-12-22,79.25,20.0,26.8,24.4,30.7,36.2,24.3
2022-12-23,191.01,20.0,29.1,25.4,30.7,36.8,30.4
2022-12-24,36.21,20.0,27.7,25.1,32.8,31.8,30.9
2022-12-25,22.91,20.0,27.9,33.0,28.4,29.6,27.6
2022-12-26,73.53999999999999,20.0,28.7,34.3,30.1,25.8,30.0
2022-12-27,107.15,20.0,28.2,36.5,29.0,25.4,28.8
2022-12-28,56.83,20.0,28.0,27.9,28.4,30.8,28.9
2022-12-29,109.50999999999999,20.0,28.1,19.8,31.5,34.8,21.6
2022-12-30,322.96999999999997,20.0,27.9,30.1,31.4,31.7,25.5
2022-12-31,85.32999999999998,20.0,28.7,31.8,30.8,26.3,27.1
